"Step","concat_no_gan - generated B distribution"
"2","{""values"":[12,0,2,1,2,1,4,5,25,71,9741,6081,350,76,24,17,63,14174,2127,605,19024,12603,1633,14959,6927,9065,771,13889,17944,1010,1166,22342,20439,29041,12635,34818,20750,14792,8271,4314,9278,11557,22230,21868,19575,27258,16845,12411,1184,2934,16289,32563,27579,28862,25820,28361,4326,32512,12535,16080,11548,9079,35089,21097,5732,10569,7381,12264,27222,34585,35071,23916,61086,14420,19604,23394,9290,581,256,1704,9936,4368,344,71,33,14,6,9,4,4,2,2,2,5,5,0,2,1,0,39],""_type"":""histogram"",""bins"":[0,2.5500001525878906,5.100000305175781,7.650000457763672,10.200000610351562,12.750000762939454,15.300000915527344,17.850001068115233,20.400001220703125,22.950001373291016,25.500001525878908,28.050001678466796,30.600001831054687,33.150001983642575,35.70000213623047,38.25000228881836,40.80000244140625,43.35000259399414,45.90000274658203,48.450002899169924,51.000003051757815,53.5500032043457,56.10000335693359,58.65000350952148,61.200003662109374,63.750003814697266,66.30000396728515,68.85000411987305,71.40000427246093,73.95000442504883,76.50000457763672,79.05000473022461,81.6000048828125,84.15000503540038,86.70000518798828,89.25000534057617,91.80000549316406,94.35000564575195,96.90000579833985,99.45000595092773,102.00000610351563,104.55000625610352,107.1000064086914,109.6500065612793,112.20000671386718,114.75000686645508,117.30000701904297,119.85000717163086,122.40000732421875,124.95000747680663,127.50000762939453,130.05000778198243,132.6000079345703,135.1500080871582,137.7000082397461,140.250008392334,142.80000854492187,145.35000869750976,147.90000885009766,150.45000900268553,153.00000915527343,155.55000930786133,158.10000946044923,160.6500096130371,163.200009765625,165.7500099182129,168.30001007080077,170.85001022338867,173.40001037597656,175.95001052856446,178.50001068115233,181.05001083374023,183.60001098632813,186.150011138916,188.7000112915039,191.2500114440918,193.8000115966797,196.35001174926757,198.90001190185546,201.45001205444336,204.00001220703126,206.55001235961913,209.10001251220703,211.65001266479493,214.2000128173828,216.7500129699707,219.3000131225586,221.8500132751465,224.40001342773436,226.95001358032226,229.50001373291016,232.05001388549803,234.60001403808593,237.15001419067383,239.70001434326173,242.2500144958496,244.8000146484375,247.3500148010254,249.90001495361327,252.45001510620116,255.00001525878906]}"
"7","{""values"":[103,147,302,596,1347,2493,4521,8112,13033,19627,27425,35911,43715,49070,52688,53653,52678,50459,47335,43722,40208,36911,33222,30394,26897,24518,21762,19443,17383,15821,14513,13484,12747,12034,11310,10761,10371,10063,9609,8867,8365,7621,7545,7200,7021,7172,7218,7501,7391,7893,7715,7589,7474,7183,6850,6333,6007,5449,4814,4206,3751,3260,2693,2243,1805,1609,1308,1059,921,777,610,511,425,365,279,213,170,156,131,92,77,79,58,43,26,27,15,16,13,10,9,6,4,6,1,1,2,1,0,2],""_type"":""histogram"",""bins"":[0,2.5500001525878906,5.100000305175781,7.650000457763672,10.200000610351562,12.750000762939454,15.300000915527344,17.850001068115233,20.400001220703125,22.950001373291016,25.500001525878908,28.050001678466796,30.600001831054687,33.150001983642575,35.70000213623047,38.25000228881836,40.80000244140625,43.35000259399414,45.90000274658203,48.450002899169924,51.000003051757815,53.5500032043457,56.10000335693359,58.65000350952148,61.200003662109374,63.750003814697266,66.30000396728515,68.85000411987305,71.40000427246093,73.95000442504883,76.50000457763672,79.05000473022461,81.6000048828125,84.15000503540038,86.70000518798828,89.25000534057617,91.80000549316406,94.35000564575195,96.90000579833985,99.45000595092773,102.00000610351563,104.55000625610352,107.1000064086914,109.6500065612793,112.20000671386718,114.75000686645508,117.30000701904297,119.85000717163086,122.40000732421875,124.95000747680663,127.50000762939453,130.05000778198243,132.6000079345703,135.1500080871582,137.7000082397461,140.250008392334,142.80000854492187,145.35000869750976,147.90000885009766,150.45000900268553,153.00000915527343,155.55000930786133,158.10000946044923,160.6500096130371,163.200009765625,165.7500099182129,168.30001007080077,170.85001022338867,173.40001037597656,175.95001052856446,178.50001068115233,181.05001083374023,183.60001098632813,186.150011138916,188.7000112915039,191.2500114440918,193.8000115966797,196.35001174926757,198.90001190185546,201.45001205444336,204.00001220703126,206.55001235961913,209.10001251220703,211.65001266479493,214.2000128173828,216.7500129699707,219.3000131225586,221.8500132751465,224.40001342773436,226.95001358032226,229.50001373291016,232.05001388549803,234.60001403808593,237.15001419067383,239.70001434326173,242.2500144958496,244.8000146484375,247.3500148010254,249.90001495361327,252.45001510620116,255.00001525878906]}"
"12","{""_type"":""histogram"",""values"":[5,5,9,18,21,41,74,119,182,307,470,666,927,1167,1438,1592,1803,1829,1961,1998,2202,2775,3591,4899,6423,8382,10268,12094,14035,15283,16582,17731,18838,20239,21896,24038,26718,29366,32612,35650,38649,41095,42979,43776,43769,42304,40418,37455,34576,31887,28725,26078,23727,21082,18962,16933,15655,14618,14144,14074,13542,12984,11992,10655,9398,8096,6953,6274,5570,5073,4618,4313,3882,3369,2969,2490,2035,1590,1179,840,582,386,238,120,93,65,35,17,12,9,7,10,5,2,2,2,1,3,1,4],""bins"":[34.893165588378906,37.094233932495115,39.29530227661133,41.49637062072754,43.69743896484375,45.898507308959964,48.09957565307617,50.30064399719238,52.50171234130859,54.702780685424806,56.903849029541014,59.10491737365723,61.30598571777344,63.50705406188965,65.70812240600586,67.90919075012206,70.11025909423827,72.31132743835448,74.5123957824707,76.71346412658691,78.91453247070312,81.11560081481935,83.31666915893555,85.51773750305176,87.71880584716797,89.91987419128418,92.12094253540039,94.3220108795166,96.5230792236328,98.72414756774901,100.92521591186524,103.12628425598145,105.32735260009765,107.52842094421386,109.72948928833007,111.93055763244628,114.1316259765625,116.33269432067871,118.53376266479492,120.73483100891113,122.93589935302734,125.13696769714355,127.33803604125977,129.539104385376,131.7401727294922,133.9412410736084,136.14230941772462,138.34337776184083,140.54444610595704,142.74551445007324,144.94658279418945,147.14765113830566,149.34871948242187,151.54978782653808,153.7508561706543,155.9519245147705,158.1529928588867,160.3540612030029,162.55512954711912,164.75619789123536,166.95726623535157,169.15833457946778,171.35940292358399,173.5604712677002,175.7615396118164,177.9626079559326,180.16367630004882,182.36474464416503,184.56581298828124,186.76688133239745,188.96794967651365,191.1690180206299,193.3700863647461,195.5711547088623,197.77222305297852,199.97329139709473,202.17435974121094,204.37542808532714,206.57649642944335,208.77756477355956,210.97863311767577,213.17970146179198,215.3807698059082,217.5818381500244,219.78290649414063,221.98397483825684,224.18504318237305,226.38611152648926,228.58717987060547,230.78824821472168,232.98931655883788,235.1903849029541,237.3914532470703,239.5925215911865,241.79358993530272,243.99465827941893,246.19572662353517,248.39679496765137,250.59786331176758,252.7989316558838,255]}"
"17","{""values"":[39,21,22,27,35,50,75,79,113,163,222,285,339,500,588,821,991,1228,1606,1997,2446,3075,3711,4459,5409,6469,7593,9259,10656,12319,14487,16221,18266,20733,22881,24860,27389,29758,31779,33577,35426,36806,38228,39139,39807,40022,40106,39511,38563,37091,35896,34030,32170,29843,27507,25307,22751,20445,18208,16293,14229,12352,10656,8953,7481,6306,5291,4236,3575,2870,2369,1812,1421,1180,869,747,547,437,337,280,216,152,112,89,82,71,41,33,25,24,15,15,14,11,7,6,4,2,1,11],""_type"":""histogram"",""bins"":[0,2.5500001525878906,5.100000305175781,7.650000457763672,10.200000610351562,12.750000762939454,15.300000915527344,17.850001068115233,20.400001220703125,22.950001373291016,25.500001525878908,28.050001678466796,30.600001831054687,33.150001983642575,35.70000213623047,38.25000228881836,40.80000244140625,43.35000259399414,45.90000274658203,48.450002899169924,51.000003051757815,53.5500032043457,56.10000335693359,58.65000350952148,61.200003662109374,63.750003814697266,66.30000396728515,68.85000411987305,71.40000427246093,73.95000442504883,76.50000457763672,79.05000473022461,81.6000048828125,84.15000503540038,86.70000518798828,89.25000534057617,91.80000549316406,94.35000564575195,96.90000579833985,99.45000595092773,102.00000610351563,104.55000625610352,107.1000064086914,109.6500065612793,112.20000671386718,114.75000686645508,117.30000701904297,119.85000717163086,122.40000732421875,124.95000747680663,127.50000762939453,130.05000778198243,132.6000079345703,135.1500080871582,137.7000082397461,140.250008392334,142.80000854492187,145.35000869750976,147.90000885009766,150.45000900268553,153.00000915527343,155.55000930786133,158.10000946044923,160.6500096130371,163.200009765625,165.7500099182129,168.30001007080077,170.85001022338867,173.40001037597656,175.95001052856446,178.50001068115233,181.05001083374023,183.60001098632813,186.150011138916,188.7000112915039,191.2500114440918,193.8000115966797,196.35001174926757,198.90001190185546,201.45001205444336,204.00001220703126,206.55001235961913,209.10001251220703,211.65001266479493,214.2000128173828,216.7500129699707,219.3000131225586,221.8500132751465,224.40001342773436,226.95001358032226,229.50001373291016,232.05001388549803,234.60001403808593,237.15001419067383,239.70001434326173,242.2500144958496,244.8000146484375,247.3500148010254,249.90001495361327,252.45001510620116,255.00001525878906]}"
"22","{""_type"":""histogram"",""values"":[55,48,125,243,401,792,1338,2271,3413,4633,6280,7689,8847,9738,10783,11688,12243,12835,12958,13518,13598,14294,14358,14581,15126,15383,15679,16163,16536,16780,18021,18489,19340,20322,20995,22114,22882,24133,24792,25427,26222,25927,25938,25654,24977,23960,23415,22460,21815,21041,20482,19733,19317,18785,18361,17499,16906,16396,15695,14545,13805,12934,11990,11310,10250,9622,8691,8036,7327,6554,5803,5169,4542,4042,3422,3016,2594,2157,1791,1505,1241,970,822,694,505,406,310,273,209,125,109,93,58,44,39,19,12,12,9,27],""bins"":[0,2.5500001525878906,5.100000305175781,7.650000457763672,10.200000610351562,12.750000762939454,15.300000915527344,17.850001068115233,20.400001220703125,22.950001373291016,25.500001525878908,28.050001678466796,30.600001831054687,33.150001983642575,35.70000213623047,38.25000228881836,40.80000244140625,43.35000259399414,45.90000274658203,48.450002899169924,51.000003051757815,53.5500032043457,56.10000335693359,58.65000350952148,61.200003662109374,63.750003814697266,66.30000396728515,68.85000411987305,71.40000427246093,73.95000442504883,76.50000457763672,79.05000473022461,81.6000048828125,84.15000503540038,86.70000518798828,89.25000534057617,91.80000549316406,94.35000564575195,96.90000579833985,99.45000595092773,102.00000610351563,104.55000625610352,107.1000064086914,109.6500065612793,112.20000671386718,114.75000686645508,117.30000701904297,119.85000717163086,122.40000732421875,124.95000747680663,127.50000762939453,130.05000778198243,132.6000079345703,135.1500080871582,137.7000082397461,140.250008392334,142.80000854492187,145.35000869750976,147.90000885009766,150.45000900268553,153.00000915527343,155.55000930786133,158.10000946044923,160.6500096130371,163.200009765625,165.7500099182129,168.30001007080077,170.85001022338867,173.40001037597656,175.95001052856446,178.50001068115233,181.05001083374023,183.60001098632813,186.150011138916,188.7000112915039,191.2500114440918,193.8000115966797,196.35001174926757,198.90001190185546,201.45001205444336,204.00001220703126,206.55001235961913,209.10001251220703,211.65001266479493,214.2000128173828,216.7500129699707,219.3000131225586,221.8500132751465,224.40001342773436,226.95001358032226,229.50001373291016,232.05001388549803,234.60001403808593,237.15001419067383,239.70001434326173,242.2500144958496,244.8000146484375,247.3500148010254,249.90001495361327,252.45001510620116,255.00001525878906]}"
"27","{""_type"":""histogram"",""values"":[70,56,108,163,273,471,784,1217,1677,2681,3770,5139,6714,8954,11497,14028,17025,19696,23200,25837,28522,31146,33170,34959,36279,37276,37745,37844,37567,37306,36704,35969,34975,33804,32603,31636,30087,28971,27629,26213,25021,23838,22340,21090,19020,17591,15517,13818,11831,10173,8340,6953,5667,4526,3653,2929,2375,2056,1770,1674,1550,1433,1434,1383,1284,1135,1130,968,837,734,600,504,388,344,233,179,139,96,65,54,40,28,13,19,10,10,5,3,7,2,1,0,0,0,0,0,0,0,0,1],""bins"":[0,1.6130982971191405,3.226196594238281,4.839294891357421,6.452393188476562,8.065491485595702,9.678589782714843,11.291688079833984,12.904786376953124,14.517884674072265,16.130982971191404,17.744081268310545,19.357179565429686,20.970277862548826,22.583376159667967,24.196474456787108,25.80957275390625,27.42267105102539,29.03576934814453,30.64886764526367,32.26196594238281,33.87506423950195,35.48816253662109,37.101260833740234,38.71435913085937,40.327457427978516,41.94055572509765,43.5536540222168,45.166752319335934,46.77985061645508,48.392948913574216,50.00604721069336,51.6191455078125,53.232243804931635,54.84534210205078,56.458440399169916,58.07153869628906,59.6846369934082,61.29773529052734,62.91083358764648,64.52393188476562,66.13703018188477,67.7501284790039,69.36322677612304,70.97632507324218,72.58942337036133,74.20252166748047,75.8156199645996,77.42871826171874,79.04181655883788,80.65491485595703,82.26801315307617,83.8811114501953,85.49420974731444,87.1073080444336,88.72040634155273,90.33350463867187,91.946602935791,93.55970123291016,95.1727995300293,96.78589782714843,98.39899612426757,100.01209442138672,101.62519271850586,103.238291015625,104.85138931274413,106.46448760986327,108.07758590698242,109.69068420410156,111.3037825012207,112.91688079833983,114.52997909545898,116.14307739257812,117.75617568969726,119.3692739868164,120.98237228393555,122.59547058105468,124.20856887817382,125.82166717529296,127.43476547241211,129.04786376953123,130.66096206665037,132.27406036376954,133.88715866088867,135.5002569580078,137.11335525512695,138.72645355224608,140.33955184936522,141.95265014648436,143.5657484436035,145.17884674072266,146.7919450378418,148.40504333496094,150.01814163208007,151.6312399291992,153.24433822631835,154.85743652343749,156.47053482055662,158.08363311767576,159.69673141479493,161.30982971191406]}"
"32","{""_type"":""histogram"",""values"":[1,1,4,9,22,29,51,81,136,159,191,292,306,350,457,523,624,850,1173,1487,1888,2334,2621,2771,2795,2835,2844,2813,2928,3174,3375,3887,4337,4917,5811,6497,7583,8677,9916,11075,12365,13815,15388,16222,17942,19362,20786,22562,24000,25723,26979,28236,28909,29787,30794,31175,31459,32168,33031,33798,34289,34847,34536,34004,33109,32142,30265,28411,25988,23708,21019,18619,16380,14264,12208,10529,8828,7319,6333,5274,4354,3656,3013,2540,1949,1564,1217,1015,732,577,398,331,242,179,120,99,59,43,34,57],""bins"":[8.90053939819336,11.361534156799316,13.822528915405274,16.28352367401123,18.744518432617188,21.205513191223144,23.666507949829104,26.12750270843506,28.588497467041016,31.049492225646972,33.51048698425293,35.971481742858884,38.43247650146485,40.8934712600708,43.35446601867676,45.815460777282716,48.27645553588867,50.73745029449463,53.198445053100585,55.65943981170654,58.1204345703125,60.58142932891846,63.04242408752442,65.50341884613037,67.96441360473634,70.42540836334229,72.88640312194823,75.3473978805542,77.80839263916016,80.26938739776611,82.73038215637207,85.19137691497802,87.65237167358399,90.11336643218995,92.5743611907959,95.03535594940186,97.49635070800781,99.95734546661377,102.41834022521972,104.87933498382569,107.34032974243163,109.8013245010376,112.26231925964356,114.72331401824951,117.18430877685547,119.64530353546142,122.10629829406739,124.56729305267334,127.0282878112793,129.48928256988526,131.9502773284912,134.4112720870972,136.8722668457031,139.3332616043091,141.79425636291504,144.25525112152098,146.71624588012696,149.1772406387329,151.63823539733886,154.09923015594484,156.5602249145508,159.02121967315674,161.48221443176269,163.94320919036866,166.4042039489746,168.86519870758056,171.32619346618654,173.7871882247925,176.24818298339844,178.70917774200439,181.17017250061036,183.6311672592163,186.09216201782226,188.55315677642824,191.0141515350342,193.47514629364014,195.9361410522461,198.39713581085206,200.858130569458,203.31912532806396,205.7801200866699,208.2411148452759,210.70210960388184,213.1631043624878,215.62409912109376,218.0850938796997,220.54608863830566,223.0070833969116,225.4680781555176,227.92907291412354,230.3900676727295,232.85106243133546,235.3120571899414,237.77305194854736,240.2340467071533,242.6950414657593,245.15603622436524,247.6170309829712,250.07802574157716,252.5390205001831,255.00001525878906]}"
"37","{""_type"":""histogram"",""values"":[18,23,49,88,184,299,536,936,1521,2410,3618,4669,5120,5311,5199,5130,5271,5783,6353,6955,7557,7643,7751,7366,6976,6688,6679,6735,7155,7578,7732,7990,7897,7545,7205,6919,7086,7494,8458,9705,10875,12056,13364,14467,15095,15636,16310,16702,17391,18113,18718,19297,20247,21283,21809,22617,23294,23865,24462,24559,25185,25113,24793,24794,24467,23938,23453,23073,22593,21680,21549,20791,19841,18912,17930,16873,15825,14387,13236,11900,10628,9310,7938,6812,5611,4568,3601,2854,2137,1551,1132,773,567,350,223,143,90,75,38,50],""bins"":[0,2.5500001525878906,5.100000305175781,7.650000457763672,10.200000610351562,12.750000762939454,15.300000915527344,17.850001068115233,20.400001220703125,22.950001373291016,25.500001525878908,28.050001678466796,30.600001831054687,33.150001983642575,35.70000213623047,38.25000228881836,40.80000244140625,43.35000259399414,45.90000274658203,48.450002899169924,51.000003051757815,53.5500032043457,56.10000335693359,58.65000350952148,61.200003662109374,63.750003814697266,66.30000396728515,68.85000411987305,71.40000427246093,73.95000442504883,76.50000457763672,79.05000473022461,81.6000048828125,84.15000503540038,86.70000518798828,89.25000534057617,91.80000549316406,94.35000564575195,96.90000579833985,99.45000595092773,102.00000610351563,104.55000625610352,107.1000064086914,109.6500065612793,112.20000671386718,114.75000686645508,117.30000701904297,119.85000717163086,122.40000732421875,124.95000747680663,127.50000762939453,130.05000778198243,132.6000079345703,135.1500080871582,137.7000082397461,140.250008392334,142.80000854492187,145.35000869750976,147.90000885009766,150.45000900268553,153.00000915527343,155.55000930786133,158.10000946044923,160.6500096130371,163.200009765625,165.7500099182129,168.30001007080077,170.85001022338867,173.40001037597656,175.95001052856446,178.50001068115233,181.05001083374023,183.60001098632813,186.150011138916,188.7000112915039,191.2500114440918,193.8000115966797,196.35001174926757,198.90001190185546,201.45001205444336,204.00001220703126,206.55001235961913,209.10001251220703,211.65001266479493,214.2000128173828,216.7500129699707,219.3000131225586,221.8500132751465,224.40001342773436,226.95001358032226,229.50001373291016,232.05001388549803,234.60001403808593,237.15001419067383,239.70001434326173,242.2500144958496,244.8000146484375,247.3500148010254,249.90001495361327,252.45001510620116,255.00001525878906]}"
"42","{""_type"":""histogram"",""values"":[1,1,1,0,6,7,8,16,40,52,83,115,167,257,361,409,610,857,1043,1305,1714,2009,2443,2871,3399,3970,4584,5144,5756,6367,7052,7786,8369,9381,10413,11789,13200,14694,16565,18846,20753,22831,25073,27254,29082,30521,32129,33304,34141,34513,34883,34851,33836,33499,32291,31157,29887,28464,27343,26455,25182,23667,22550,21548,20277,19090,18074,16318,15196,13728,12437,11518,10166,8872,7891,6815,5898,5021,4081,3358,2850,2341,1837,1439,1205,873,676,482,378,270,194,131,89,66,42,25,12,6,7,8],""bins"":[40.55411148071289,42.69857036590576,44.843029251098635,46.9874881362915,49.13194702148438,51.27640590667725,53.420864791870116,55.56532367706299,57.70978256225586,59.85424144744873,61.998700332641604,64.14315921783447,66.28761810302734,68.43207698822022,70.57653587341309,72.72099475860597,74.86545364379883,77.00991252899169,79.15437141418457,81.29883029937744,83.44328918457032,85.5877480697632,87.73220695495606,89.87666584014893,92.02112472534179,94.16558361053467,96.31004249572754,98.45450138092042,100.59896026611328,102.74341915130616,104.88787803649903,107.0323369216919,109.17679580688477,111.32125469207764,113.4657135772705,115.61017246246338,117.75463134765626,119.89909023284912,122.043549118042,124.18800800323487,126.33246688842775,128.47692577362062,130.6213846588135,132.76584354400637,134.91030242919922,137.0547613143921,139.19922019958497,141.34367908477782,143.4881379699707,145.63259685516357,147.77705574035645,149.92151462554932,152.0659735107422,154.21043239593507,156.35489128112795,158.49935016632082,160.64380905151367,162.78826793670655,164.93272682189942,167.0771857070923,169.22164459228517,171.36610347747802,173.5105623626709,175.65502124786377,177.79948013305665,179.94393901824952,182.0883979034424,184.23285678863527,186.37731567382812,188.521774559021,190.66623344421387,192.81069232940675,194.95515121459962,197.0996100997925,199.24406898498535,201.38852787017822,203.5329867553711,205.67744564056397,207.82190452575685,209.96636341094973,212.1108222961426,214.25528118133545,216.39974006652832,218.5441989517212,220.68865783691408,222.83311672210695,224.97757560729983,227.12203449249267,229.26649337768555,231.41095226287842,233.5554111480713,235.69987003326418,237.84432891845705,239.9887878036499,242.13324668884277,244.27770557403565,246.42216445922853,248.5666233444214,250.71108222961428,252.85554111480715,255]}"
"47","{""values"":[4,5,8,15,21,48,91,152,249,382,560,764,1083,1277,1492,1593,1660,1521,1397,1169,1033,905,798,623,629,702,715,767,847,1045,1190,1391,1682,1979,2141,2455,2729,2928,3240,3511,3777,4017,4407,4774,5142,5648,6178,6655,7372,7844,8498,9399,10199,11206,12313,13740,15189,16773,18616,20496,22583,24640,26593,28692,31130,32910,34355,36046,38185,39056,39829,40859,40638,39882,39552,38362,36420,34445,31301,27911,24758,21659,18326,15128,12187,9805,7494,5687,4137,3084,2037,1387,938,580,374,206,136,96,49,75],""_type"":""histogram"",""bins"":[0,2.5500003051757814,5.100000610351563,7.650000915527344,10.200001220703125,12.750001525878908,15.300001831054688,17.85000213623047,20.40000244140625,22.950002746582033,25.500003051757815,28.050003356933594,30.600003662109376,33.15000396728516,35.70000427246094,38.25000457763672,40.8000048828125,43.35000518798828,45.900005493164066,48.450005798339845,51.00000610351563,53.55000640869141,56.10000671386719,58.650007019042974,61.20000732421875,63.75000762939453,66.30000793457032,68.8500082397461,71.40000854492187,73.95000885009766,76.50000915527345,79.05000946044922,81.600009765625,84.15001007080079,86.70001037597656,89.25001068115235,91.80001098632813,94.3500112915039,96.90001159667969,99.45001190185548,102.00001220703126,104.55001251220703,107.10001281738282,109.6500131225586,112.20001342773438,114.75001373291016,117.30001403808595,119.85001434326172,122.4000146484375,124.95001495361329,127.50001525878906,130.05001556396485,132.60001586914063,135.15001617431642,137.7000164794922,140.25001678466796,142.80001708984375,145.35001739501953,147.90001770019532,150.4500180053711,153.0000183105469,155.55001861572265,158.10001892089844,160.65001922607422,163.20001953125,165.7500198364258,168.30002014160158,170.85002044677736,173.40002075195312,175.9500210571289,178.5000213623047,181.05002166748048,183.60002197265626,186.15002227783205,188.7000225830078,191.2500228881836,193.80002319335938,196.35002349853517,198.90002380371095,201.45002410888674,204.00002441406252,206.55002471923828,209.10002502441407,211.65002532958985,214.20002563476564,216.75002593994142,219.3000262451172,221.85002655029297,224.40002685546875,226.95002716064454,229.50002746582032,232.0500277709961,234.6000280761719,237.15002838134765,239.70002868652344,242.25002899169922,244.800029296875,247.3500296020508,249.90002990722658,252.45003021240237,255.00003051757812]}"
"52","{""_type"":""histogram"",""values"":[3,2,12,14,17,37,61,128,187,359,530,769,1013,1375,1746,2036,2451,2516,2871,2937,2995,2886,2961,2841,2708,2507,2528,2297,2435,2381,2498,2675,2760,3006,3356,3515,4111,4492,5056,5555,6291,6492,7037,7329,7735,8250,8776,9356,10260,10894,11727,12866,14077,15124,16380,17518,19019,20529,21758,23616,24903,26432,28062,29723,31272,32511,33937,34906,35826,36590,36430,36284,35983,34442,32614,31079,28503,26340,23353,20844,17787,15259,12816,10441,8466,6777,5247,4012,2917,2176,1609,1062,815,540,353,208,172,94,60,70],""bins"":[0,2.5500003051757814,5.100000610351563,7.650000915527344,10.200001220703125,12.750001525878908,15.300001831054688,17.85000213623047,20.40000244140625,22.950002746582033,25.500003051757815,28.050003356933594,30.600003662109376,33.15000396728516,35.70000427246094,38.25000457763672,40.8000048828125,43.35000518798828,45.900005493164066,48.450005798339845,51.00000610351563,53.55000640869141,56.10000671386719,58.650007019042974,61.20000732421875,63.75000762939453,66.30000793457032,68.8500082397461,71.40000854492187,73.95000885009766,76.50000915527345,79.05000946044922,81.600009765625,84.15001007080079,86.70001037597656,89.25001068115235,91.80001098632813,94.3500112915039,96.90001159667969,99.45001190185548,102.00001220703126,104.55001251220703,107.10001281738282,109.6500131225586,112.20001342773438,114.75001373291016,117.30001403808595,119.85001434326172,122.4000146484375,124.95001495361329,127.50001525878906,130.05001556396485,132.60001586914063,135.15001617431642,137.7000164794922,140.25001678466796,142.80001708984375,145.35001739501953,147.90001770019532,150.4500180053711,153.0000183105469,155.55001861572265,158.10001892089844,160.65001922607422,163.20001953125,165.7500198364258,168.30002014160158,170.85002044677736,173.40002075195312,175.9500210571289,178.5000213623047,181.05002166748048,183.60002197265626,186.15002227783205,188.7000225830078,191.2500228881836,193.80002319335938,196.35002349853517,198.90002380371095,201.45002410888674,204.00002441406252,206.55002471923828,209.10002502441407,211.65002532958985,214.20002563476564,216.75002593994142,219.3000262451172,221.85002655029297,224.40002685546875,226.95002716064454,229.50002746582032,232.0500277709961,234.6000280761719,237.15002838134765,239.70002868652344,242.25002899169922,244.800029296875,247.3500296020508,249.90002990722658,252.45003021240237,255.00003051757812]}"
"57","{""values"":[42,20,44,74,95,128,238,327,490,675,1003,1370,1858,2329,3172,3945,4886,5899,6975,8163,9549,10801,11927,13119,14064,15357,16368,17252,18039,19169,19333,19950,20517,20811,20722,21080,21407,21712,21691,21941,22160,22255,22339,22285,22668,22746,22759,23321,23112,23450,23599,23792,23900,23988,23824,23505,23033,22916,21780,21429,20448,19161,18228,17169,15822,14516,13346,11843,10495,9425,8113,6790,5846,4912,3923,3217,2565,1987,1495,1151,827,552,416,303,201,153,107,54,38,26,20,5,8,6,1,2,0,1,0,1],""_type"":""histogram"",""bins"":[0,2.4191969299316405,4.838393859863281,7.2575907897949214,9.676787719726562,12.095984649658202,14.515181579589843,16.934378509521483,19.353575439453124,21.772772369384764,24.191969299316405,26.611166229248045,29.030363159179686,31.449560089111326,33.86875701904297,36.287953948974604,38.70715087890625,41.12634780883789,43.54554473876953,45.964741668701166,48.38393859863281,50.803135528564454,53.22233245849609,55.64152938842773,58.06072631835937,60.479923248291016,62.89912017822265,65.31831710815429,67.73751403808593,70.15671096801758,72.57590789794921,74.99510482788085,77.4143017578125,79.83349868774414,82.25269561767578,84.67189254760741,87.09108947753906,89.5102864074707,91.92948333740233,94.34868026733398,96.76787719726562,99.18707412719726,101.60627105712891,104.02546798706054,106.44466491699218,108.86386184692383,111.28305877685546,113.7022557067871,116.12145263671874,118.54064956665039,120.95984649658203,123.37904342651366,125.7982403564453,128.21743728637693,130.63663421630858,133.05583114624022,135.47502807617187,137.8942250061035,140.31342193603516,142.7326188659668,145.15181579589841,147.57101272583006,149.9902096557617,152.40940658569335,154.828603515625,157.24780044555663,159.66699737548828,162.08619430541992,164.50539123535157,166.92458816528318,169.34378509521483,171.76298202514647,174.18217895507811,176.60137588500976,179.0205728149414,181.43976974487305,183.85896667480466,186.2781636047363,188.69736053466795,191.1165574645996,193.53575439453124,195.95495132446288,198.37414825439453,200.79334518432617,203.21254211425781,205.63173904418943,208.05093597412107,210.47013290405272,212.88932983398436,215.308526763916,217.72772369384765,220.1469206237793,222.5661175537109,224.98531448364255,227.4045114135742,229.82370834350584,232.2429052734375,234.66210220336913,237.08129913330077,239.50049606323242,241.91969299316406]}"
"62","{""values"":[81,95,237,452,834,1495,2566,4220,6242,9033,12205,15389,18703,21448,24602,26877,29027,30490,31262,32144,31919,31162,30141,28576,27160,25080,22994,21157,19344,17183,15822,14248,12987,12083,11331,10958,10303,9715,9577,9131,8892,8584,8610,8217,8254,8091,8116,8013,8054,7967,8022,7848,8065,8170,8517,8575,8891,9072,9305,9625,9964,10650,10986,11326,11634,12094,12363,12797,13245,13047,12790,12421,12342,11717,10797,10023,8993,8068,7125,5985,5097,4151,3339,2618,2063,1547,1177,854,694,445,347,242,168,104,75,46,29,19,9,24],""_type"":""histogram"",""bins"":[0,2.5500001525878906,5.100000305175781,7.650000457763672,10.200000610351562,12.750000762939454,15.300000915527344,17.850001068115233,20.400001220703125,22.950001373291016,25.500001525878908,28.050001678466796,30.600001831054687,33.150001983642575,35.70000213623047,38.25000228881836,40.80000244140625,43.35000259399414,45.90000274658203,48.450002899169924,51.000003051757815,53.5500032043457,56.10000335693359,58.65000350952148,61.200003662109374,63.750003814697266,66.30000396728515,68.85000411987305,71.40000427246093,73.95000442504883,76.50000457763672,79.05000473022461,81.6000048828125,84.15000503540038,86.70000518798828,89.25000534057617,91.80000549316406,94.35000564575195,96.90000579833985,99.45000595092773,102.00000610351563,104.55000625610352,107.1000064086914,109.6500065612793,112.20000671386718,114.75000686645508,117.30000701904297,119.85000717163086,122.40000732421875,124.95000747680663,127.50000762939453,130.05000778198243,132.6000079345703,135.1500080871582,137.7000082397461,140.250008392334,142.80000854492187,145.35000869750976,147.90000885009766,150.45000900268553,153.00000915527343,155.55000930786133,158.10000946044923,160.6500096130371,163.200009765625,165.7500099182129,168.30001007080077,170.85001022338867,173.40001037597656,175.95001052856446,178.50001068115233,181.05001083374023,183.60001098632813,186.150011138916,188.7000112915039,191.2500114440918,193.8000115966797,196.35001174926757,198.90001190185546,201.45001205444336,204.00001220703126,206.55001235961913,209.10001251220703,211.65001266479493,214.2000128173828,216.7500129699707,219.3000131225586,221.8500132751465,224.40001342773436,226.95001358032226,229.50001373291016,232.05001388549803,234.60001403808593,237.15001419067383,239.70001434326173,242.2500144958496,244.8000146484375,247.3500148010254,249.90001495361327,252.45001510620116,255.00001525878906]}"
"67","{""values"":[14,17,49,45,108,211,436,718,1152,1782,2510,3370,4055,4726,5037,5505,5801,5898,6037,5997,5904,5836,5637,5439,5228,4795,4706,4365,4113,3887,3698,3635,3567,3489,3618,3783,3702,4127,4217,4445,4815,5113,5138,5456,5828,6034,6411,6793,7278,7947,8436,9145,10042,10835,11772,13098,14093,15627,17212,18768,20628,22260,24205,26191,28644,30535,32331,34043,35682,36587,37393,37504,37781,36982,35521,33550,31183,28841,25933,23084,19748,17035,13917,11291,9066,7167,5531,4134,3134,2214,1609,1133,795,492,331,237,163,74,61,66],""_type"":""histogram"",""bins"":[0,2.5500001525878906,5.100000305175781,7.650000457763672,10.200000610351562,12.750000762939454,15.300000915527344,17.850001068115233,20.400001220703125,22.950001373291016,25.500001525878908,28.050001678466796,30.600001831054687,33.150001983642575,35.70000213623047,38.25000228881836,40.80000244140625,43.35000259399414,45.90000274658203,48.450002899169924,51.000003051757815,53.5500032043457,56.10000335693359,58.65000350952148,61.200003662109374,63.750003814697266,66.30000396728515,68.85000411987305,71.40000427246093,73.95000442504883,76.50000457763672,79.05000473022461,81.6000048828125,84.15000503540038,86.70000518798828,89.25000534057617,91.80000549316406,94.35000564575195,96.90000579833985,99.45000595092773,102.00000610351563,104.55000625610352,107.1000064086914,109.6500065612793,112.20000671386718,114.75000686645508,117.30000701904297,119.85000717163086,122.40000732421875,124.95000747680663,127.50000762939453,130.05000778198243,132.6000079345703,135.1500080871582,137.7000082397461,140.250008392334,142.80000854492187,145.35000869750976,147.90000885009766,150.45000900268553,153.00000915527343,155.55000930786133,158.10000946044923,160.6500096130371,163.200009765625,165.7500099182129,168.30001007080077,170.85001022338867,173.40001037597656,175.95001052856446,178.50001068115233,181.05001083374023,183.60001098632813,186.150011138916,188.7000112915039,191.2500114440918,193.8000115966797,196.35001174926757,198.90001190185546,201.45001205444336,204.00001220703126,206.55001235961913,209.10001251220703,211.65001266479493,214.2000128173828,216.7500129699707,219.3000131225586,221.8500132751465,224.40001342773436,226.95001358032226,229.50001373291016,232.05001388549803,234.60001403808593,237.15001419067383,239.70001434326173,242.2500144958496,244.8000146484375,247.3500148010254,249.90001495361327,252.45001510620116,255.00001525878906]}"
"72","{""values"":[17,13,31,47,98,154,238,343,564,854,1267,1723,2345,3221,4100,5086,6160,7396,8397,9651,10980,12027,12941,14019,14656,15639,16205,16538,16892,17355,18154,18209,18503,19005,19448,20039,20366,20715,21415,21137,22098,22492,22843,22743,22623,22833,22730,22350,22206,21906,21607,20812,19992,19995,19592,18616,18097,17756,17280,16627,16191,15895,15189,15139,14576,14296,13640,13383,13008,12332,11564,10862,10010,9182,8210,7357,6568,5684,4810,4070,3488,2752,2160,1711,1321,1065,794,604,425,332,234,184,116,92,74,31,24,16,15,26],""_type"":""histogram"",""bins"":[0,2.5500001525878906,5.100000305175781,7.650000457763672,10.200000610351562,12.750000762939454,15.300000915527344,17.850001068115233,20.400001220703125,22.950001373291016,25.500001525878908,28.050001678466796,30.600001831054687,33.150001983642575,35.70000213623047,38.25000228881836,40.80000244140625,43.35000259399414,45.90000274658203,48.450002899169924,51.000003051757815,53.5500032043457,56.10000335693359,58.65000350952148,61.200003662109374,63.750003814697266,66.30000396728515,68.85000411987305,71.40000427246093,73.95000442504883,76.50000457763672,79.05000473022461,81.6000048828125,84.15000503540038,86.70000518798828,89.25000534057617,91.80000549316406,94.35000564575195,96.90000579833985,99.45000595092773,102.00000610351563,104.55000625610352,107.1000064086914,109.6500065612793,112.20000671386718,114.75000686645508,117.30000701904297,119.85000717163086,122.40000732421875,124.95000747680663,127.50000762939453,130.05000778198243,132.6000079345703,135.1500080871582,137.7000082397461,140.250008392334,142.80000854492187,145.35000869750976,147.90000885009766,150.45000900268553,153.00000915527343,155.55000930786133,158.10000946044923,160.6500096130371,163.200009765625,165.7500099182129,168.30001007080077,170.85001022338867,173.40001037597656,175.95001052856446,178.50001068115233,181.05001083374023,183.60001098632813,186.150011138916,188.7000112915039,191.2500114440918,193.8000115966797,196.35001174926757,198.90001190185546,201.45001205444336,204.00001220703126,206.55001235961913,209.10001251220703,211.65001266479493,214.2000128173828,216.7500129699707,219.3000131225586,221.8500132751465,224.40001342773436,226.95001358032226,229.50001373291016,232.05001388549803,234.60001403808593,237.15001419067383,239.70001434326173,242.2500144958496,244.8000146484375,247.3500148010254,249.90001495361327,252.45001510620116,255.00001525878906]}"
"77","{""values"":[43,44,97,184,326,598,988,1602,2484,3765,5235,6865,8662,10074,11511,13064,14115,14884,15882,16402,16723,17182,17233,16916,16717,16688,16215,15849,15597,14979,14716,14436,14179,13965,13961,13811,13715,13352,13460,13267,12972,12726,12835,12719,12485,12498,12574,12803,12774,13124,13615,13711,14565,15124,15655,16895,17541,18348,18799,19496,20264,20747,20914,21062,20912,20710,20599,19721,18974,17747,16615,15120,13882,12578,11136,9844,8559,7197,6195,5196,4260,3494,2750,2186,1719,1310,1014,790,562,443,316,227,146,107,81,49,45,19,11,30],""_type"":""histogram"",""bins"":[0,2.5500001525878906,5.100000305175781,7.650000457763672,10.200000610351562,12.750000762939454,15.300000915527344,17.850001068115233,20.400001220703125,22.950001373291016,25.500001525878908,28.050001678466796,30.600001831054687,33.150001983642575,35.70000213623047,38.25000228881836,40.80000244140625,43.35000259399414,45.90000274658203,48.450002899169924,51.000003051757815,53.5500032043457,56.10000335693359,58.65000350952148,61.200003662109374,63.750003814697266,66.30000396728515,68.85000411987305,71.40000427246093,73.95000442504883,76.50000457763672,79.05000473022461,81.6000048828125,84.15000503540038,86.70000518798828,89.25000534057617,91.80000549316406,94.35000564575195,96.90000579833985,99.45000595092773,102.00000610351563,104.55000625610352,107.1000064086914,109.6500065612793,112.20000671386718,114.75000686645508,117.30000701904297,119.85000717163086,122.40000732421875,124.95000747680663,127.50000762939453,130.05000778198243,132.6000079345703,135.1500080871582,137.7000082397461,140.250008392334,142.80000854492187,145.35000869750976,147.90000885009766,150.45000900268553,153.00000915527343,155.55000930786133,158.10000946044923,160.6500096130371,163.200009765625,165.7500099182129,168.30001007080077,170.85001022338867,173.40001037597656,175.95001052856446,178.50001068115233,181.05001083374023,183.60001098632813,186.150011138916,188.7000112915039,191.2500114440918,193.8000115966797,196.35001174926757,198.90001190185546,201.45001205444336,204.00001220703126,206.55001235961913,209.10001251220703,211.65001266479493,214.2000128173828,216.7500129699707,219.3000131225586,221.8500132751465,224.40001342773436,226.95001358032226,229.50001373291016,232.05001388549803,234.60001403808593,237.15001419067383,239.70001434326173,242.2500144958496,244.8000146484375,247.3500148010254,249.90001495361327,252.45001510620116,255.00001525878906]}"
"82","{""values"":[83,98,227,414,842,1707,2896,4625,6712,8731,10714,12177,14282,15943,17727,19700,21484,23334,25103,26125,27253,27868,27957,28232,27719,27197,26733,25487,24413,23509,22076,21265,19758,18390,17152,15892,14942,14096,13170,12455,11673,11224,10774,10590,10391,10014,10109,10029,10245,10426,10322,10410,10296,10856,11140,11141,11549,11772,11975,12139,12381,12201,12117,12176,11864,11533,10975,10767,10204,9461,8748,7940,7406,6420,5921,5271,4593,3943,3400,2931,2509,2057,1634,1367,1190,948,738,568,460,346,260,193,152,105,78,41,40,30,19,26],""_type"":""histogram"",""bins"":[0,2.5500001525878906,5.100000305175781,7.650000457763672,10.200000610351562,12.750000762939454,15.300000915527344,17.850001068115233,20.400001220703125,22.950001373291016,25.500001525878908,28.050001678466796,30.600001831054687,33.150001983642575,35.70000213623047,38.25000228881836,40.80000244140625,43.35000259399414,45.90000274658203,48.450002899169924,51.000003051757815,53.5500032043457,56.10000335693359,58.65000350952148,61.200003662109374,63.750003814697266,66.30000396728515,68.85000411987305,71.40000427246093,73.95000442504883,76.50000457763672,79.05000473022461,81.6000048828125,84.15000503540038,86.70000518798828,89.25000534057617,91.80000549316406,94.35000564575195,96.90000579833985,99.45000595092773,102.00000610351563,104.55000625610352,107.1000064086914,109.6500065612793,112.20000671386718,114.75000686645508,117.30000701904297,119.85000717163086,122.40000732421875,124.95000747680663,127.50000762939453,130.05000778198243,132.6000079345703,135.1500080871582,137.7000082397461,140.250008392334,142.80000854492187,145.35000869750976,147.90000885009766,150.45000900268553,153.00000915527343,155.55000930786133,158.10000946044923,160.6500096130371,163.200009765625,165.7500099182129,168.30001007080077,170.85001022338867,173.40001037597656,175.95001052856446,178.50001068115233,181.05001083374023,183.60001098632813,186.150011138916,188.7000112915039,191.2500114440918,193.8000115966797,196.35001174926757,198.90001190185546,201.45001205444336,204.00001220703126,206.55001235961913,209.10001251220703,211.65001266479493,214.2000128173828,216.7500129699707,219.3000131225586,221.8500132751465,224.40001342773436,226.95001358032226,229.50001373291016,232.05001388549803,234.60001403808593,237.15001419067383,239.70001434326173,242.2500144958496,244.8000146484375,247.3500148010254,249.90001495361327,252.45001510620116,255.00001525878906]}"
"87","{""values"":[34,38,59,146,278,519,848,1401,2184,3066,4234,5384,6639,8033,9055,10515,11933,13089,14297,15797,16701,17760,18431,18779,18960,18760,18447,18063,17488,17023,16306,15543,15069,14671,14229,13756,13481,13258,12720,12385,11882,11724,11851,11734,11666,12204,12432,12822,13387,13967,14586,14893,15076,15151,15215,15188,14654,14605,14404,14142,13580,13214,13342,13091,13277,13373,13611,13868,14471,15017,15690,15820,16127,16624,16291,15971,15561,14829,13726,12541,10934,9702,8149,6704,5451,4427,3327,2648,1915,1371,989,673,466,294,192,145,67,60,23,53],""_type"":""histogram"",""bins"":[0,2.5500001525878906,5.100000305175781,7.650000457763672,10.200000610351562,12.750000762939454,15.300000915527344,17.850001068115233,20.400001220703125,22.950001373291016,25.500001525878908,28.050001678466796,30.600001831054687,33.150001983642575,35.70000213623047,38.25000228881836,40.80000244140625,43.35000259399414,45.90000274658203,48.450002899169924,51.000003051757815,53.5500032043457,56.10000335693359,58.65000350952148,61.200003662109374,63.750003814697266,66.30000396728515,68.85000411987305,71.40000427246093,73.95000442504883,76.50000457763672,79.05000473022461,81.6000048828125,84.15000503540038,86.70000518798828,89.25000534057617,91.80000549316406,94.35000564575195,96.90000579833985,99.45000595092773,102.00000610351563,104.55000625610352,107.1000064086914,109.6500065612793,112.20000671386718,114.75000686645508,117.30000701904297,119.85000717163086,122.40000732421875,124.95000747680663,127.50000762939453,130.05000778198243,132.6000079345703,135.1500080871582,137.7000082397461,140.250008392334,142.80000854492187,145.35000869750976,147.90000885009766,150.45000900268553,153.00000915527343,155.55000930786133,158.10000946044923,160.6500096130371,163.200009765625,165.7500099182129,168.30001007080077,170.85001022338867,173.40001037597656,175.95001052856446,178.50001068115233,181.05001083374023,183.60001098632813,186.150011138916,188.7000112915039,191.2500114440918,193.8000115966797,196.35001174926757,198.90001190185546,201.45001205444336,204.00001220703126,206.55001235961913,209.10001251220703,211.65001266479493,214.2000128173828,216.7500129699707,219.3000131225586,221.8500132751465,224.40001342773436,226.95001358032226,229.50001373291016,232.05001388549803,234.60001403808593,237.15001419067383,239.70001434326173,242.2500144958496,244.8000146484375,247.3500148010254,249.90001495361327,252.45001510620116,255.00001525878906]}"
"92","{""values"":[32,25,53,82,169,284,455,810,1431,2269,3360,4260,5354,5884,6581,7354,8596,9803,11194,12912,14850,16351,18292,20114,21615,22839,24054,24691,25675,26506,26660,26428,25901,25623,24377,23749,22434,21620,20331,19370,18564,17976,17320,16969,16419,16197,16079,16017,15919,16020,15897,15630,15824,15707,15617,15379,15473,15180,15141,14702,14834,14500,13916,13543,13145,12742,11900,11345,10659,9711,8938,8222,7641,6727,5972,5274,4593,3858,3156,2826,2277,1868,1468,1259,913,703,533,454,321,242,170,147,101,51,40,38,28,11,14,18],""_type"":""histogram"",""bins"":[0,2.5500001525878906,5.100000305175781,7.650000457763672,10.200000610351562,12.750000762939454,15.300000915527344,17.850001068115233,20.400001220703125,22.950001373291016,25.500001525878908,28.050001678466796,30.600001831054687,33.150001983642575,35.70000213623047,38.25000228881836,40.80000244140625,43.35000259399414,45.90000274658203,48.450002899169924,51.000003051757815,53.5500032043457,56.10000335693359,58.65000350952148,61.200003662109374,63.750003814697266,66.30000396728515,68.85000411987305,71.40000427246093,73.95000442504883,76.50000457763672,79.05000473022461,81.6000048828125,84.15000503540038,86.70000518798828,89.25000534057617,91.80000549316406,94.35000564575195,96.90000579833985,99.45000595092773,102.00000610351563,104.55000625610352,107.1000064086914,109.6500065612793,112.20000671386718,114.75000686645508,117.30000701904297,119.85000717163086,122.40000732421875,124.95000747680663,127.50000762939453,130.05000778198243,132.6000079345703,135.1500080871582,137.7000082397461,140.250008392334,142.80000854492187,145.35000869750976,147.90000885009766,150.45000900268553,153.00000915527343,155.55000930786133,158.10000946044923,160.6500096130371,163.200009765625,165.7500099182129,168.30001007080077,170.85001022338867,173.40001037597656,175.95001052856446,178.50001068115233,181.05001083374023,183.60001098632813,186.150011138916,188.7000112915039,191.2500114440918,193.8000115966797,196.35001174926757,198.90001190185546,201.45001205444336,204.00001220703126,206.55001235961913,209.10001251220703,211.65001266479493,214.2000128173828,216.7500129699707,219.3000131225586,221.8500132751465,224.40001342773436,226.95001358032226,229.50001373291016,232.05001388549803,234.60001403808593,237.15001419067383,239.70001434326173,242.2500144958496,244.8000146484375,247.3500148010254,249.90001495361327,252.45001510620116,255.00001525878906]}"
"97","{""_type"":""histogram"",""values"":[74,110,255,575,1227,2186,3834,6366,9369,12854,16036,18296,19297,19717,19494,19206,18960,18282,17698,17402,16612,15487,14465,13579,12996,12058,11801,11219,11071,10778,10519,10448,10286,10087,10013,9986,9544,9346,8933,8855,8528,8103,7787,7647,7389,7167,7119,7124,7086,7266,7475,7907,8482,9219,9884,10810,11765,12719,13720,14871,15901,17063,18114,19197,20202,21107,21639,22128,22508,22465,22492,21962,20744,20090,18548,17128,15760,14056,12268,10591,8971,7506,6117,4991,3990,3029,2407,1782,1327,935,694,482,310,232,161,98,69,36,24,63],""bins"":[0,2.5500001525878906,5.100000305175781,7.650000457763672,10.200000610351562,12.750000762939454,15.300000915527344,17.850001068115233,20.400001220703125,22.950001373291016,25.500001525878908,28.050001678466796,30.600001831054687,33.150001983642575,35.70000213623047,38.25000228881836,40.80000244140625,43.35000259399414,45.90000274658203,48.450002899169924,51.000003051757815,53.5500032043457,56.10000335693359,58.65000350952148,61.200003662109374,63.750003814697266,66.30000396728515,68.85000411987305,71.40000427246093,73.95000442504883,76.50000457763672,79.05000473022461,81.6000048828125,84.15000503540038,86.70000518798828,89.25000534057617,91.80000549316406,94.35000564575195,96.90000579833985,99.45000595092773,102.00000610351563,104.55000625610352,107.1000064086914,109.6500065612793,112.20000671386718,114.75000686645508,117.30000701904297,119.85000717163086,122.40000732421875,124.95000747680663,127.50000762939453,130.05000778198243,132.6000079345703,135.1500080871582,137.7000082397461,140.250008392334,142.80000854492187,145.35000869750976,147.90000885009766,150.45000900268553,153.00000915527343,155.55000930786133,158.10000946044923,160.6500096130371,163.200009765625,165.7500099182129,168.30001007080077,170.85001022338867,173.40001037597656,175.95001052856446,178.50001068115233,181.05001083374023,183.60001098632813,186.150011138916,188.7000112915039,191.2500114440918,193.8000115966797,196.35001174926757,198.90001190185546,201.45001205444336,204.00001220703126,206.55001235961913,209.10001251220703,211.65001266479493,214.2000128173828,216.7500129699707,219.3000131225586,221.8500132751465,224.40001342773436,226.95001358032226,229.50001373291016,232.05001388549803,234.60001403808593,237.15001419067383,239.70001434326173,242.2500144958496,244.8000146484375,247.3500148010254,249.90001495361327,252.45001510620116,255.00001525878906]}"
"102","{""values"":[50,44,99,174,332,650,1098,1819,2968,4423,6327,8368,10258,11432,12640,13969,14839,15856,17386,18695,20012,21472,22482,23586,24369,24898,24895,25005,24806,24400,24379,24288,23815,23093,22583,22044,21056,20196,19001,17882,17257,16353,15572,15062,14351,13955,13594,13185,12953,12583,12714,12208,12180,12008,12027,12223,12586,12636,12743,13149,12849,12989,12793,12901,12342,11962,11520,10889,10296,9559,8722,8024,7150,6340,5555,5020,4394,3661,3237,2647,2205,1814,1498,1183,939,775,573,446,312,242,181,142,132,75,69,30,25,19,9,29],""_type"":""histogram"",""bins"":[0,2.5500001525878906,5.100000305175781,7.650000457763672,10.200000610351562,12.750000762939454,15.300000915527344,17.850001068115233,20.400001220703125,22.950001373291016,25.500001525878908,28.050001678466796,30.600001831054687,33.150001983642575,35.70000213623047,38.25000228881836,40.80000244140625,43.35000259399414,45.90000274658203,48.450002899169924,51.000003051757815,53.5500032043457,56.10000335693359,58.65000350952148,61.200003662109374,63.750003814697266,66.30000396728515,68.85000411987305,71.40000427246093,73.95000442504883,76.50000457763672,79.05000473022461,81.6000048828125,84.15000503540038,86.70000518798828,89.25000534057617,91.80000549316406,94.35000564575195,96.90000579833985,99.45000595092773,102.00000610351563,104.55000625610352,107.1000064086914,109.6500065612793,112.20000671386718,114.75000686645508,117.30000701904297,119.85000717163086,122.40000732421875,124.95000747680663,127.50000762939453,130.05000778198243,132.6000079345703,135.1500080871582,137.7000082397461,140.250008392334,142.80000854492187,145.35000869750976,147.90000885009766,150.45000900268553,153.00000915527343,155.55000930786133,158.10000946044923,160.6500096130371,163.200009765625,165.7500099182129,168.30001007080077,170.85001022338867,173.40001037597656,175.95001052856446,178.50001068115233,181.05001083374023,183.60001098632813,186.150011138916,188.7000112915039,191.2500114440918,193.8000115966797,196.35001174926757,198.90001190185546,201.45001205444336,204.00001220703126,206.55001235961913,209.10001251220703,211.65001266479493,214.2000128173828,216.7500129699707,219.3000131225586,221.8500132751465,224.40001342773436,226.95001358032226,229.50001373291016,232.05001388549803,234.60001403808593,237.15001419067383,239.70001434326173,242.2500144958496,244.8000146484375,247.3500148010254,249.90001495361327,252.45001510620116,255.00001525878906]}"
"107","{""_type"":""histogram"",""values"":[41,33,65,177,393,785,1517,2861,4634,6231,7486,8067,8286,8743,8858,9086,9401,9631,9922,10179,10423,10307,10115,10446,10135,10068,9866,9771,9634,9613,9547,9528,9237,9117,8810,8630,8263,8252,8154,7836,7896,8174,8352,8348,8767,9176,9867,10505,11178,11899,12764,13659,14910,15722,17011,18579,19748,21171,22309,23615,25053,26718,27478,28042,28713,28973,28784,28374,27565,26391,25146,23523,21605,19863,17763,15952,13985,12247,10514,8663,7529,6047,5002,3962,3142,2446,1916,1444,1083,793,601,449,317,217,155,105,64,56,36,62],""bins"":[0,2.5500003051757814,5.100000610351563,7.650000915527344,10.200001220703125,12.750001525878908,15.300001831054688,17.85000213623047,20.40000244140625,22.950002746582033,25.500003051757815,28.050003356933594,30.600003662109376,33.15000396728516,35.70000427246094,38.25000457763672,40.8000048828125,43.35000518798828,45.900005493164066,48.450005798339845,51.00000610351563,53.55000640869141,56.10000671386719,58.650007019042974,61.20000732421875,63.75000762939453,66.30000793457032,68.8500082397461,71.40000854492187,73.95000885009766,76.50000915527345,79.05000946044922,81.600009765625,84.15001007080079,86.70001037597656,89.25001068115235,91.80001098632813,94.3500112915039,96.90001159667969,99.45001190185548,102.00001220703126,104.55001251220703,107.10001281738282,109.6500131225586,112.20001342773438,114.75001373291016,117.30001403808595,119.85001434326172,122.4000146484375,124.95001495361329,127.50001525878906,130.05001556396485,132.60001586914063,135.15001617431642,137.7000164794922,140.25001678466796,142.80001708984375,145.35001739501953,147.90001770019532,150.4500180053711,153.0000183105469,155.55001861572265,158.10001892089844,160.65001922607422,163.20001953125,165.7500198364258,168.30002014160158,170.85002044677736,173.40002075195312,175.9500210571289,178.5000213623047,181.05002166748048,183.60002197265626,186.15002227783205,188.7000225830078,191.2500228881836,193.80002319335938,196.35002349853517,198.90002380371095,201.45002410888674,204.00002441406252,206.55002471923828,209.10002502441407,211.65002532958985,214.20002563476564,216.75002593994142,219.3000262451172,221.85002655029297,224.40002685546875,226.95002716064454,229.50002746582032,232.0500277709961,234.6000280761719,237.15002838134765,239.70002868652344,242.25002899169922,244.800029296875,247.3500296020508,249.90002990722658,252.45003021240237,255.00003051757812]}"
"112","{""_type"":""histogram"",""values"":[43,26,81,127,236,428,747,1216,1896,2739,3934,4984,6542,8139,9929,11900,13999,15325,17123,18513,19566,20356,21042,22206,22178,22315,22222,22490,22445,21347,20897,19894,19250,18584,17833,16817,16182,15823,15445,14857,14036,13701,13327,13081,12805,12602,12533,12756,12959,13268,13446,13606,14142,14398,14563,14924,15481,15592,15934,16292,16422,16727,16882,16919,16836,16669,15926,15551,14785,13826,13015,11737,10829,10060,8883,7641,6558,5689,4907,4068,3307,2710,2223,1729,1369,1087,842,595,472,335,227,190,128,88,60,56,30,18,18,40],""bins"":[0,2.5500001525878906,5.100000305175781,7.650000457763672,10.200000610351562,12.750000762939454,15.300000915527344,17.850001068115233,20.400001220703125,22.950001373291016,25.500001525878908,28.050001678466796,30.600001831054687,33.150001983642575,35.70000213623047,38.25000228881836,40.80000244140625,43.35000259399414,45.90000274658203,48.450002899169924,51.000003051757815,53.5500032043457,56.10000335693359,58.65000350952148,61.200003662109374,63.750003814697266,66.30000396728515,68.85000411987305,71.40000427246093,73.95000442504883,76.50000457763672,79.05000473022461,81.6000048828125,84.15000503540038,86.70000518798828,89.25000534057617,91.80000549316406,94.35000564575195,96.90000579833985,99.45000595092773,102.00000610351563,104.55000625610352,107.1000064086914,109.6500065612793,112.20000671386718,114.75000686645508,117.30000701904297,119.85000717163086,122.40000732421875,124.95000747680663,127.50000762939453,130.05000778198243,132.6000079345703,135.1500080871582,137.7000082397461,140.250008392334,142.80000854492187,145.35000869750976,147.90000885009766,150.45000900268553,153.00000915527343,155.55000930786133,158.10000946044923,160.6500096130371,163.200009765625,165.7500099182129,168.30001007080077,170.85001022338867,173.40001037597656,175.95001052856446,178.50001068115233,181.05001083374023,183.60001098632813,186.150011138916,188.7000112915039,191.2500114440918,193.8000115966797,196.35001174926757,198.90001190185546,201.45001205444336,204.00001220703126,206.55001235961913,209.10001251220703,211.65001266479493,214.2000128173828,216.7500129699707,219.3000131225586,221.8500132751465,224.40001342773436,226.95001358032226,229.50001373291016,232.05001388549803,234.60001403808593,237.15001419067383,239.70001434326173,242.2500144958496,244.8000146484375,247.3500148010254,249.90001495361327,252.45001510620116,255.00001525878906]}"
"117","{""values"":[39,57,135,262,515,905,1623,2689,4111,5895,8090,10074,12305,14221,16171,17343,18491,19257,18999,19047,18506,17457,16618,15539,14562,13564,12720,11752,11240,10297,9657,9229,8686,8407,8065,8042,7754,8137,8261,8444,8824,9324,9705,10391,10840,11417,12033,12403,13031,13621,14224,14554,14976,15310,15653,16010,15702,16240,16417,16705,16879,17090,17323,17759,18128,18433,18870,19344,19572,19766,19839,19292,18832,17944,17260,16096,14863,13230,11836,10226,8616,7250,6004,4760,3812,2910,2237,1661,1216,941,620,449,319,213,163,105,76,33,24,39],""_type"":""histogram"",""bins"":[0,2.5500001525878906,5.100000305175781,7.650000457763672,10.200000610351562,12.750000762939454,15.300000915527344,17.850001068115233,20.400001220703125,22.950001373291016,25.500001525878908,28.050001678466796,30.600001831054687,33.150001983642575,35.70000213623047,38.25000228881836,40.80000244140625,43.35000259399414,45.90000274658203,48.450002899169924,51.000003051757815,53.5500032043457,56.10000335693359,58.65000350952148,61.200003662109374,63.750003814697266,66.30000396728515,68.85000411987305,71.40000427246093,73.95000442504883,76.50000457763672,79.05000473022461,81.6000048828125,84.15000503540038,86.70000518798828,89.25000534057617,91.80000549316406,94.35000564575195,96.90000579833985,99.45000595092773,102.00000610351563,104.55000625610352,107.1000064086914,109.6500065612793,112.20000671386718,114.75000686645508,117.30000701904297,119.85000717163086,122.40000732421875,124.95000747680663,127.50000762939453,130.05000778198243,132.6000079345703,135.1500080871582,137.7000082397461,140.250008392334,142.80000854492187,145.35000869750976,147.90000885009766,150.45000900268553,153.00000915527343,155.55000930786133,158.10000946044923,160.6500096130371,163.200009765625,165.7500099182129,168.30001007080077,170.85001022338867,173.40001037597656,175.95001052856446,178.50001068115233,181.05001083374023,183.60001098632813,186.150011138916,188.7000112915039,191.2500114440918,193.8000115966797,196.35001174926757,198.90001190185546,201.45001205444336,204.00001220703126,206.55001235961913,209.10001251220703,211.65001266479493,214.2000128173828,216.7500129699707,219.3000131225586,221.8500132751465,224.40001342773436,226.95001358032226,229.50001373291016,232.05001388549803,234.60001403808593,237.15001419067383,239.70001434326173,242.2500144958496,244.8000146484375,247.3500148010254,249.90001495361327,252.45001510620116,255.00001525878906]}"
"122","{""_type"":""histogram"",""values"":[55,66,133,279,589,1072,1926,2976,4369,5761,7078,8181,9675,10752,11857,13297,14508,15527,16837,17571,18014,18428,18543,18015,17688,16750,15556,14898,14157,13367,12746,12071,11626,11146,10563,10085,9780,9611,9474,9512,9753,9657,10075,10157,10357,10634,10943,11318,11910,12279,12568,13401,13931,14318,14917,15697,16468,16804,17589,18150,18588,19353,19829,20192,20467,20637,20869,20653,20433,19847,19197,18252,17357,16374,15064,13610,12008,10623,9252,8031,6625,5523,4553,3744,2957,2290,1750,1398,1082,784,507,382,290,199,132,98,59,34,18,50],""bins"":[0,2.5500003051757814,5.100000610351563,7.650000915527344,10.200001220703125,12.750001525878908,15.300001831054688,17.85000213623047,20.40000244140625,22.950002746582033,25.500003051757815,28.050003356933594,30.600003662109376,33.15000396728516,35.70000427246094,38.25000457763672,40.8000048828125,43.35000518798828,45.900005493164066,48.450005798339845,51.00000610351563,53.55000640869141,56.10000671386719,58.650007019042974,61.20000732421875,63.75000762939453,66.30000793457032,68.8500082397461,71.40000854492187,73.95000885009766,76.50000915527345,79.05000946044922,81.600009765625,84.15001007080079,86.70001037597656,89.25001068115235,91.80001098632813,94.3500112915039,96.90001159667969,99.45001190185548,102.00001220703126,104.55001251220703,107.10001281738282,109.6500131225586,112.20001342773438,114.75001373291016,117.30001403808595,119.85001434326172,122.4000146484375,124.95001495361329,127.50001525878906,130.05001556396485,132.60001586914063,135.15001617431642,137.7000164794922,140.25001678466796,142.80001708984375,145.35001739501953,147.90001770019532,150.4500180053711,153.0000183105469,155.55001861572265,158.10001892089844,160.65001922607422,163.20001953125,165.7500198364258,168.30002014160158,170.85002044677736,173.40002075195312,175.9500210571289,178.5000213623047,181.05002166748048,183.60002197265626,186.15002227783205,188.7000225830078,191.2500228881836,193.80002319335938,196.35002349853517,198.90002380371095,201.45002410888674,204.00002441406252,206.55002471923828,209.10002502441407,211.65002532958985,214.20002563476564,216.75002593994142,219.3000262451172,221.85002655029297,224.40002685546875,226.95002716064454,229.50002746582032,232.0500277709961,234.6000280761719,237.15002838134765,239.70002868652344,242.25002899169922,244.800029296875,247.3500296020508,249.90002990722658,252.45003021240237,255.00003051757812]}"
"127","{""_type"":""histogram"",""values"":[39,68,167,354,777,1678,3266,5459,8232,11101,13052,14839,15127,14896,13873,13260,13043,12859,13323,14025,14808,15500,16085,17057,17636,17978,17671,17513,17476,17515,17341,17338,17044,16860,16235,15897,15380,15822,15735,16004,16115,16635,16661,17163,17140,17193,16755,16874,16068,15611,15250,14355,14424,14048,13702,13642,13549,13546,13610,13392,13645,13691,13735,13748,13739,13758,13470,13182,12909,12378,12115,11378,10533,9668,9231,8364,7339,6544,5738,4866,4176,3458,2868,2367,1938,1418,1107,826,640,502,375,235,177,134,72,66,38,29,19,34],""bins"":[0,2.5500001525878906,5.100000305175781,7.650000457763672,10.200000610351562,12.750000762939454,15.300000915527344,17.850001068115233,20.400001220703125,22.950001373291016,25.500001525878908,28.050001678466796,30.600001831054687,33.150001983642575,35.70000213623047,38.25000228881836,40.80000244140625,43.35000259399414,45.90000274658203,48.450002899169924,51.000003051757815,53.5500032043457,56.10000335693359,58.65000350952148,61.200003662109374,63.750003814697266,66.30000396728515,68.85000411987305,71.40000427246093,73.95000442504883,76.50000457763672,79.05000473022461,81.6000048828125,84.15000503540038,86.70000518798828,89.25000534057617,91.80000549316406,94.35000564575195,96.90000579833985,99.45000595092773,102.00000610351563,104.55000625610352,107.1000064086914,109.6500065612793,112.20000671386718,114.75000686645508,117.30000701904297,119.85000717163086,122.40000732421875,124.95000747680663,127.50000762939453,130.05000778198243,132.6000079345703,135.1500080871582,137.7000082397461,140.250008392334,142.80000854492187,145.35000869750976,147.90000885009766,150.45000900268553,153.00000915527343,155.55000930786133,158.10000946044923,160.6500096130371,163.200009765625,165.7500099182129,168.30001007080077,170.85001022338867,173.40001037597656,175.95001052856446,178.50001068115233,181.05001083374023,183.60001098632813,186.150011138916,188.7000112915039,191.2500114440918,193.8000115966797,196.35001174926757,198.90001190185546,201.45001205444336,204.00001220703126,206.55001235961913,209.10001251220703,211.65001266479493,214.2000128173828,216.7500129699707,219.3000131225586,221.8500132751465,224.40001342773436,226.95001358032226,229.50001373291016,232.05001388549803,234.60001403808593,237.15001419067383,239.70001434326173,242.2500144958496,244.8000146484375,247.3500148010254,249.90001495361327,252.45001510620116,255.00001525878906]}"