"Step","concat_no_gan - generated R distribution"
"2","{""_type"":""histogram"",""values"":[13,0,1,2,4,3,4,19,27,725,12120,3124,304,46,22,20,471,15769,176,871,20954,10639,757,20800,10981,523,166,11314,20838,5384,25581,20868,19244,21155,15674,26889,17534,18701,9514,9642,7292,13414,27041,27542,24609,11813,9381,459,1034,18540,14194,39698,19428,14806,26004,29426,12791,17224,17649,18586,29875,14859,14007,12137,7513,9924,10366,13936,24839,43242,28194,25903,48815,16065,7928,20669,29417,2496,1981,10850,3480,173,35,14,11,4,6,4,3,0,2,0,2,1,1,0,0,0,1,13],""bins"":[0,2.5500001525878906,5.100000305175781,7.650000457763672,10.200000610351562,12.750000762939454,15.300000915527344,17.850001068115233,20.400001220703125,22.950001373291016,25.500001525878908,28.050001678466796,30.600001831054687,33.150001983642575,35.70000213623047,38.25000228881836,40.80000244140625,43.35000259399414,45.90000274658203,48.450002899169924,51.000003051757815,53.5500032043457,56.10000335693359,58.65000350952148,61.200003662109374,63.750003814697266,66.30000396728515,68.85000411987305,71.40000427246093,73.95000442504883,76.50000457763672,79.05000473022461,81.6000048828125,84.15000503540038,86.70000518798828,89.25000534057617,91.80000549316406,94.35000564575195,96.90000579833985,99.45000595092773,102.00000610351563,104.55000625610352,107.1000064086914,109.6500065612793,112.20000671386718,114.75000686645508,117.30000701904297,119.85000717163086,122.40000732421875,124.95000747680663,127.50000762939453,130.05000778198243,132.6000079345703,135.1500080871582,137.7000082397461,140.250008392334,142.80000854492187,145.35000869750976,147.90000885009766,150.45000900268553,153.00000915527343,155.55000930786133,158.10000946044923,160.6500096130371,163.200009765625,165.7500099182129,168.30001007080077,170.85001022338867,173.40001037597656,175.95001052856446,178.50001068115233,181.05001083374023,183.60001098632813,186.150011138916,188.7000112915039,191.2500114440918,193.8000115966797,196.35001174926757,198.90001190185546,201.45001205444336,204.00001220703126,206.55001235961913,209.10001251220703,211.65001266479493,214.2000128173828,216.7500129699707,219.3000131225586,221.8500132751465,224.40001342773436,226.95001358032226,229.50001373291016,232.05001388549803,234.60001403808593,237.15001419067383,239.70001434326173,242.2500144958496,244.8000146484375,247.3500148010254,249.90001495361327,252.45001510620116,255.00001525878906]}"
"7","{""_type"":""histogram"",""values"":[3,3,1,2,7,4,7,14,31,24,47,64,101,163,253,370,551,750,1128,1517,2343,3153,3899,4530,4845,5107,5077,5379,5376,5374,5099,5395,5260,5258,5354,5667,5881,6231,6670,7096,7747,8183,8886,9587,10563,11255,12176,13352,14769,16220,17475,18729,20038,20993,21880,23346,23921,24835,25137,25835,26036,26262,26034,26205,25633,25129,24503,23875,23380,22911,22795,22516,22440,22948,22755,23165,23030,23056,22463,22154,20813,19444,17639,15740,13360,11007,8736,6586,4925,3510,2303,1588,1027,672,371,233,151,82,60,78],""bins"":[0,2.5500001525878906,5.100000305175781,7.650000457763672,10.200000610351562,12.750000762939454,15.300000915527344,17.850001068115233,20.400001220703125,22.950001373291016,25.500001525878908,28.050001678466796,30.600001831054687,33.150001983642575,35.70000213623047,38.25000228881836,40.80000244140625,43.35000259399414,45.90000274658203,48.450002899169924,51.000003051757815,53.5500032043457,56.10000335693359,58.65000350952148,61.200003662109374,63.750003814697266,66.30000396728515,68.85000411987305,71.40000427246093,73.95000442504883,76.50000457763672,79.05000473022461,81.6000048828125,84.15000503540038,86.70000518798828,89.25000534057617,91.80000549316406,94.35000564575195,96.90000579833985,99.45000595092773,102.00000610351563,104.55000625610352,107.1000064086914,109.6500065612793,112.20000671386718,114.75000686645508,117.30000701904297,119.85000717163086,122.40000732421875,124.95000747680663,127.50000762939453,130.05000778198243,132.6000079345703,135.1500080871582,137.7000082397461,140.250008392334,142.80000854492187,145.35000869750976,147.90000885009766,150.45000900268553,153.00000915527343,155.55000930786133,158.10000946044923,160.6500096130371,163.200009765625,165.7500099182129,168.30001007080077,170.85001022338867,173.40001037597656,175.95001052856446,178.50001068115233,181.05001083374023,183.60001098632813,186.150011138916,188.7000112915039,191.2500114440918,193.8000115966797,196.35001174926757,198.90001190185546,201.45001205444336,204.00001220703126,206.55001235961913,209.10001251220703,211.65001266479493,214.2000128173828,216.7500129699707,219.3000131225586,221.8500132751465,224.40001342773436,226.95001358032226,229.50001373291016,232.05001388549803,234.60001403808593,237.15001419067383,239.70001434326173,242.2500144958496,244.8000146484375,247.3500148010254,249.90001495361327,252.45001510620116,255.00001525878906]}"
"12","{""_type"":""histogram"",""values"":[84,22,33,34,39,61,84,91,122,131,196,258,337,473,625,877,1114,1505,2038,2642,3613,4783,6217,7696,9585,12250,14972,18321,21833,25290,29349,33236,37362,40711,44303,46623,48782,50709,51449,50620,50009,47629,45460,42561,38963,36133,32282,28735,25332,21714,18814,16028,13798,11222,9648,8124,6555,5389,4545,3550,2912,2255,1749,1439,1130,910,748,521,432,302,255,202,166,109,88,75,63,54,35,32,29,26,19,12,9,10,6,5,2,5,2,2,2,0,0,2,1,1,3,2],""bins"":[0,1.132288818359375,2.26457763671875,3.3968664550781247,4.5291552734375,5.6614440917968745,6.793732910156249,7.926021728515624,9.058310546875,10.190599365234373,11.322888183593749,12.455177001953125,13.587465820312499,14.719754638671873,15.852043457031249,16.984332275390624,18.11662109375,19.248909912109372,20.381198730468746,21.513487548828124,22.645776367187498,23.778065185546872,24.91035400390625,26.042642822265623,27.174931640624997,28.30722045898437,29.439509277343745,30.571798095703123,31.704086914062497,32.83637573242187,33.96866455078125,35.10095336914062,36.2332421875,37.365531005859374,38.497819824218745,39.63010864257812,40.76239746093749,41.89468627929687,43.02697509765625,44.15926391601562,45.291552734374996,46.42384155273437,47.556130371093744,48.68841918945312,49.8207080078125,50.95299682617187,52.08528564453125,53.21757446289062,54.349863281249995,55.48215209960937,56.61444091796874,57.74672973632812,58.87901855468749,60.01130737304687,61.143596191406246,62.27588500976562,63.408173828124994,64.54046264648437,65.67275146484374,66.80504028320311,67.9373291015625,69.06961791992187,70.20190673828124,71.33419555664062,72.466484375,73.59877319335936,74.73106201171875,75.86335083007812,76.99563964843749,78.12792846679687,79.26021728515624,80.39250610351561,81.52479492187499,82.65708374023437,83.78937255859374,84.92166137695311,86.0539501953125,87.18623901367187,88.31852783203124,89.45081665039062,90.58310546874999,91.71539428710936,92.84768310546875,93.97997192382812,95.11226074218749,96.24454956054687,97.37683837890624,98.50912719726561,99.641416015625,100.77370483398437,101.90599365234374,103.03828247070311,104.1705712890625,105.30286010742186,106.43514892578123,107.56743774414062,108.69972656249999,109.83201538085936,110.96430419921874,112.09659301757812,113.22888183593749]}"
"17","{""_type"":""histogram"",""values"":[2,0,2,2,2,4,0,1,4,2,0,5,8,6,10,9,8,19,27,28,32,32,48,59,56,83,120,144,208,255,343,490,650,910,1154,1590,2094,2602,3471,4334,5537,6896,8652,10502,12915,15601,18382,21465,24849,28596,32238,35544,38622,42064,44437,46900,48136,49528,49720,49493,48325,46410,43448,41020,37769,33899,30647,26635,23238,19878,16928,14127,11508,9323,7688,6328,5105,3890,3102,2397,1795,1500,1144,878,692,519,385,298,190,167,116,80,62,40,34,25,19,20,9,47],""bins"":[0,2.5500001525878906,5.100000305175781,7.650000457763672,10.200000610351562,12.750000762939454,15.300000915527344,17.850001068115233,20.400001220703125,22.950001373291016,25.500001525878908,28.050001678466796,30.600001831054687,33.150001983642575,35.70000213623047,38.25000228881836,40.80000244140625,43.35000259399414,45.90000274658203,48.450002899169924,51.000003051757815,53.5500032043457,56.10000335693359,58.65000350952148,61.200003662109374,63.750003814697266,66.30000396728515,68.85000411987305,71.40000427246093,73.95000442504883,76.50000457763672,79.05000473022461,81.6000048828125,84.15000503540038,86.70000518798828,89.25000534057617,91.80000549316406,94.35000564575195,96.90000579833985,99.45000595092773,102.00000610351563,104.55000625610352,107.1000064086914,109.6500065612793,112.20000671386718,114.75000686645508,117.30000701904297,119.85000717163086,122.40000732421875,124.95000747680663,127.50000762939453,130.05000778198243,132.6000079345703,135.1500080871582,137.7000082397461,140.250008392334,142.80000854492187,145.35000869750976,147.90000885009766,150.45000900268553,153.00000915527343,155.55000930786133,158.10000946044923,160.6500096130371,163.200009765625,165.7500099182129,168.30001007080077,170.85001022338867,173.40001037597656,175.95001052856446,178.50001068115233,181.05001083374023,183.60001098632813,186.150011138916,188.7000112915039,191.2500114440918,193.8000115966797,196.35001174926757,198.90001190185546,201.45001205444336,204.00001220703126,206.55001235961913,209.10001251220703,211.65001266479493,214.2000128173828,216.7500129699707,219.3000131225586,221.8500132751465,224.40001342773436,226.95001358032226,229.50001373291016,232.05001388549803,234.60001403808593,237.15001419067383,239.70001434326173,242.2500144958496,244.8000146484375,247.3500148010254,249.90001495361327,252.45001510620116,255.00001525878906]}"
"22","{""_type"":""histogram"",""values"":[68,80,106,208,365,645,1110,1818,2632,3761,5319,6853,8699,10640,12227,13924,15314,16147,17724,18823,19207,20172,20539,21042,21190,21167,21177,21111,21174,20961,20943,20841,20791,20822,20896,20513,20875,20900,21243,21238,21646,21702,21679,21869,21542,21356,20969,20588,19970,19834,19384,18848,18505,17815,17203,16914,16241,15784,14841,14060,13190,12260,11549,10395,9792,8696,7634,6604,5819,4990,4326,3612,3046,2489,2112,1620,1303,1020,880,682,526,464,336,249,234,171,144,105,73,61,45,35,29,21,17,7,6,8,4,7],""bins"":[0,2.5500001525878906,5.100000305175781,7.650000457763672,10.200000610351562,12.750000762939454,15.300000915527344,17.850001068115233,20.400001220703125,22.950001373291016,25.500001525878908,28.050001678466796,30.600001831054687,33.150001983642575,35.70000213623047,38.25000228881836,40.80000244140625,43.35000259399414,45.90000274658203,48.450002899169924,51.000003051757815,53.5500032043457,56.10000335693359,58.65000350952148,61.200003662109374,63.750003814697266,66.30000396728515,68.85000411987305,71.40000427246093,73.95000442504883,76.50000457763672,79.05000473022461,81.6000048828125,84.15000503540038,86.70000518798828,89.25000534057617,91.80000549316406,94.35000564575195,96.90000579833985,99.45000595092773,102.00000610351563,104.55000625610352,107.1000064086914,109.6500065612793,112.20000671386718,114.75000686645508,117.30000701904297,119.85000717163086,122.40000732421875,124.95000747680663,127.50000762939453,130.05000778198243,132.6000079345703,135.1500080871582,137.7000082397461,140.250008392334,142.80000854492187,145.35000869750976,147.90000885009766,150.45000900268553,153.00000915527343,155.55000930786133,158.10000946044923,160.6500096130371,163.200009765625,165.7500099182129,168.30001007080077,170.85001022338867,173.40001037597656,175.95001052856446,178.50001068115233,181.05001083374023,183.60001098632813,186.150011138916,188.7000112915039,191.2500114440918,193.8000115966797,196.35001174926757,198.90001190185546,201.45001205444336,204.00001220703126,206.55001235961913,209.10001251220703,211.65001266479493,214.2000128173828,216.7500129699707,219.3000131225586,221.8500132751465,224.40001342773436,226.95001358032226,229.50001373291016,232.05001388549803,234.60001403808593,237.15001419067383,239.70001434326173,242.2500144958496,244.8000146484375,247.3500148010254,249.90001495361327,252.45001510620116,255.00001525878906]}"
"27","{""values"":[1,0,0,0,0,1,0,2,0,1,4,2,6,15,10,23,27,34,37,50,57,65,124,140,175,241,255,359,417,569,709,853,1009,1207,1556,1794,2081,2480,3050,3588,4208,4764,5637,6458,7302,8358,9373,10326,11465,12622,13700,14937,16163,17074,18348,19812,20799,21886,23234,23923,25277,26814,27906,29432,30712,32281,33792,34637,36032,37561,37689,38501,38470,37862,36696,35053,32920,30126,27446,24503,20909,17937,14893,12182,9725,7517,5731,4375,3122,2291,1623,1019,789,503,331,213,124,102,56,93],""_type"":""histogram"",""bins"":[89.9046630859375,91.55561660766601,93.20657012939454,94.85752365112305,96.50847717285156,98.15943069458008,99.81038421630859,101.46133773803712,103.11229125976563,104.76324478149414,106.41419830322266,108.06515182495117,109.71610534667968,111.36705886840821,113.01801239013672,114.66896591186523,116.31991943359375,117.97087295532226,119.62182647705077,121.2727799987793,122.92373352050781,124.57468704223632,126.22564056396484,127.87659408569337,129.52754760742187,131.1785011291504,132.82945465087892,134.4804081726074,136.13136169433594,137.78231521606446,139.43326873779296,141.08422225952148,142.73517578125,144.38612930297853,146.03708282470703,147.68803634643555,149.33898986816405,150.98994338989257,152.6408969116211,154.29185043334962,155.94280395507812,157.59375747680664,159.24471099853514,160.89566452026367,162.5466180419922,164.19757156372071,165.84852508544924,167.49947860717774,169.15043212890623,170.80138565063476,172.45233917236328,174.1032926940918,175.75424621582033,177.40519973754883,179.05615325927732,180.70710678100585,182.35806030273437,184.0090138244629,185.65996734619142,187.31092086791992,188.96187438964844,190.61282791137694,192.26378143310546,193.914734954834,195.5656884765625,197.216641998291,198.86759552001953,200.51854904174803,202.16950256347656,203.82045608520508,205.4714096069336,207.12236312866213,208.77331665039063,210.42427017211912,212.07522369384765,213.72617721557617,215.3771307373047,217.02808425903322,218.67903778076172,220.32999130249024,221.98094482421874,223.63189834594726,225.2828518676758,226.93380538940428,228.5847589111328,230.23571243286133,231.88666595458983,233.53761947631835,235.18857299804688,236.83952651977538,238.4904800415039,240.14143356323243,241.79238708496095,243.44334060668945,245.09429412841797,246.7452476501465,248.396201171875,250.04715469360352,251.69810821533204,253.34906173706054,255.00001525878906]}"
"32","{""values"":[110,118,243,486,932,1519,2570,3963,5944,8380,11199,14499,18245,21850,25523,28887,31581,34489,36746,38051,39343,40018,39560,39584,38991,37919,36190,34604,32944,30848,28621,26204,24618,22272,20441,18501,16875,15539,13904,12827,11716,10736,9923,9172,8824,8594,8145,8190,8054,7894,7770,7720,7645,7461,7319,7093,6550,5877,5555,5053,4512,4084,3487,3165,2991,2655,2304,2026,1771,1512,1191,986,772,552,505,338,274,201,212,136,118,71,71,48,39,42,24,13,13,14,6,4,2,3,2,1,1,0,0,1],""_type"":""histogram"",""bins"":[0,2.55,5.1,7.6499999999999995,10.2,12.75,15.299999999999999,17.849999999999998,20.4,22.95,25.5,28.049999999999997,30.599999999999998,33.15,35.699999999999996,38.25,40.8,43.349999999999994,45.9,48.449999999999996,51,53.55,56.099999999999994,58.65,61.199999999999996,63.74999999999999,66.3,68.85,71.39999999999999,73.94999999999999,76.5,79.05,81.6,84.14999999999999,86.69999999999999,89.25,91.8,94.35,96.89999999999999,99.44999999999999,102,104.55,107.1,109.64999999999999,112.19999999999999,114.74999999999999,117.3,119.85,122.39999999999999,124.94999999999999,127.49999999999999,130.04999999999998,132.6,135.14999999999998,137.7,140.25,142.79999999999998,145.35,147.89999999999998,150.45,153,155.54999999999998,158.1,160.64999999999998,163.2,165.75,168.29999999999998,170.85,173.39999999999998,175.95,178.5,181.04999999999998,183.6,186.14999999999998,188.7,191.25,193.79999999999998,196.35,198.89999999999998,201.45,204,206.54999999999998,209.1,211.64999999999998,214.2,216.74999999999997,219.29999999999998,221.85,224.39999999999998,226.95,229.49999999999997,232.04999999999998,234.6,237.14999999999998,239.7,242.24999999999997,244.79999999999998,247.35,249.89999999999998,252.45,254.99999999999997]}"
"37","{""_type"":""histogram"",""values"":[44,58,132,300,587,1001,1687,2577,3527,4650,5667,6713,7516,8393,9303,9915,10874,11604,12475,12952,14010,14516,15277,15421,15734,15828,15740,15452,15089,14506,14368,13440,13406,13008,12907,12620,12749,12360,12483,12480,12831,12919,13405,14101,14318,14807,15103,15596,15858,16267,16468,16405,16791,16814,16401,16516,16192,16184,15411,15467,15192,14653,14432,14321,14103,14163,14344,14495,14228,14428,14522,14522,14225,14213,14074,13671,13240,12552,12301,11378,10672,9687,8910,8148,7208,5986,5063,4073,3211,2413,1745,1159,805,505,296,178,98,60,33,46],""bins"":[0,2.5500001525878906,5.100000305175781,7.650000457763672,10.200000610351562,12.750000762939454,15.300000915527344,17.850001068115233,20.400001220703125,22.950001373291016,25.500001525878908,28.050001678466796,30.600001831054687,33.150001983642575,35.70000213623047,38.25000228881836,40.80000244140625,43.35000259399414,45.90000274658203,48.450002899169924,51.000003051757815,53.5500032043457,56.10000335693359,58.65000350952148,61.200003662109374,63.750003814697266,66.30000396728515,68.85000411987305,71.40000427246093,73.95000442504883,76.50000457763672,79.05000473022461,81.6000048828125,84.15000503540038,86.70000518798828,89.25000534057617,91.80000549316406,94.35000564575195,96.90000579833985,99.45000595092773,102.00000610351563,104.55000625610352,107.1000064086914,109.6500065612793,112.20000671386718,114.75000686645508,117.30000701904297,119.85000717163086,122.40000732421875,124.95000747680663,127.50000762939453,130.05000778198243,132.6000079345703,135.1500080871582,137.7000082397461,140.250008392334,142.80000854492187,145.35000869750976,147.90000885009766,150.45000900268553,153.00000915527343,155.55000930786133,158.10000946044923,160.6500096130371,163.200009765625,165.7500099182129,168.30001007080077,170.85001022338867,173.40001037597656,175.95001052856446,178.50001068115233,181.05001083374023,183.60001098632813,186.150011138916,188.7000112915039,191.2500114440918,193.8000115966797,196.35001174926757,198.90001190185546,201.45001205444336,204.00001220703126,206.55001235961913,209.10001251220703,211.65001266479493,214.2000128173828,216.7500129699707,219.3000131225586,221.8500132751465,224.40001342773436,226.95001358032226,229.50001373291016,232.05001388549803,234.60001403808593,237.15001419067383,239.70001434326173,242.2500144958496,244.8000146484375,247.3500148010254,249.90001495361327,252.45001510620116,255.00001525878906]}"
"42","{""values"":[102,55,112,137,222,313,462,677,958,1427,1861,2482,3410,4558,5980,7663,9669,11812,14550,17507,20840,24430,27856,31135,34684,37651,40892,43185,44885,46328,47067,46916,46458,45427,43271,41485,38968,36444,33587,30278,27887,24661,22166,19164,16971,14921,12732,11036,9334,7978,6779,5538,4687,3821,3104,2478,1985,1622,1275,1060,813,601,503,387,303,229,190,141,122,88,67,42,37,17,20,24,10,9,6,7,4,0,1,2,1,3,0,1,1,0,1,0,0,1,0,1,0,0,0,1],""_type"":""histogram"",""bins"":[0,1.9141169738769532,3.8282339477539065,5.74235092163086,7.656467895507813,9.570584869384767,11.48470184326172,13.398818817138672,15.312935791015626,17.22705276489258,19.141169738769534,21.055286712646485,22.96940368652344,24.883520660400393,26.797637634277343,28.711754608154298,30.62587158203125,32.5399885559082,34.45410552978516,36.36822250366211,38.28233947753907,40.19645645141602,42.11057342529297,44.02469039916993,45.93880737304688,47.85292434692383,49.767041320800786,51.681158294677736,53.59527526855469,55.509392242431645,57.423509216308595,59.33762619018555,61.2517431640625,63.165860137939454,65.0799771118164,66.99409408569336,68.90821105957032,70.82232803344726,72.73644500732422,74.65056198120118,76.56467895507814,78.47879592895508,80.39291290283204,82.307029876709,84.22114685058594,86.1352638244629,88.04938079833985,89.9634977722168,91.87761474609376,93.79173171997071,95.70584869384766,97.61996566772461,99.53408264160157,101.44819961547852,103.36231658935547,105.27643356323243,107.19055053710937,109.10466751098633,111.01878448486329,112.93290145874025,114.84701843261719,116.76113540649415,118.6752523803711,120.58936935424805,122.503486328125,124.41760330200196,126.33172027587891,128.24583724975588,130.1599542236328,132.07407119750977,133.98818817138672,135.90230514526368,137.81642211914064,139.7305390930176,141.64465606689453,143.55877304077148,145.47289001464844,147.3870069885254,149.30112396240236,151.21524093627932,153.12935791015627,155.0434748840332,156.95759185791016,158.87170883178712,160.78582580566408,162.69994277954103,164.614059753418,166.52817672729492,168.44229370117188,170.35641067504883,172.2705276489258,174.18464462280275,176.0987615966797,178.01287857055664,179.9269955444336,181.84111251831055,183.7552294921875,185.66934646606447,187.58346343994143,189.49758041381838,191.4116973876953]}"
"47","{""_type"":""histogram"",""values"":[2,4,4,2,7,19,18,45,58,97,122,187,228,333,458,584,737,938,1063,1349,1555,1787,1960,2258,2472,2693,2886,3289,3408,3606,3937,4330,4719,5211,5728,6157,6451,7084,7725,8010,8556,8822,9116,9662,9859,10294,10480,10591,11172,11844,12271,12879,13738,14556,15590,16711,17326,18401,19517,20728,21540,22336,23497,24122,25209,25694,26278,27022,27133,27522,28375,28232,28700,28608,28905,28935,28681,28631,27880,26523,25256,23455,21612,19280,16661,13872,11212,8825,6638,4904,3424,2317,1477,982,610,271,151,91,39,42],""bins"":[3.1309783458709717,5.6496687150001526,8.168359084129333,10.687049453258513,13.205739822387695,15.724430191516877,18.243120560646055,20.761810929775237,23.28050129890442,25.7991916680336,28.317882037162782,30.83657240629196,33.35526277542114,35.87395314455032,38.3926435136795,40.911333882808684,43.430024251937866,45.94871462106705,48.46740499019623,50.98609535932541,53.50478572845459,56.02347609758377,58.54216646671295,61.06085683584213,63.57954720497131,66.0982375741005,68.61692794322967,71.13561831235886,73.65430868148803,76.17299905061722,78.6916894197464,81.21037978887558,83.72907015800476,86.24776052713393,88.76645089626312,91.2851412653923,93.80383163452149,96.32252200365066,98.84121237277985,101.35990274190902,103.87859311103821,106.39728348016739,108.91597384929656,111.43466421842575,113.95335458755493,116.47204495668412,118.99073532581329,121.50942569494248,124.02811606407165,126.54680643320083,129.06549680233002,131.5841871714592,134.10287754058837,136.62156790971756,139.14025827884674,141.65894864797593,144.1776390171051,146.69632938623428,149.21501975536347,151.73371012449263,154.25240049362182,156.771090862751,159.2897812318802,161.80847160100936,164.32716197013855,166.84585233926774,169.3645427083969,171.88323307752609,174.40192344665527,176.92061381578446,179.43930418491362,181.9579945540428,184.476684923172,186.99537529230116,189.51406566143035,192.03275603055954,194.55144639968873,197.0701367688179,199.58882713794708,202.10751750707627,204.62620787620546,207.14489824533462,209.6635886144638,212.182278983593,214.70096935272215,217.21965972185134,219.73835009098053,222.25704046010972,224.77573082923888,227.29442119836807,229.81311156749726,232.33180193662642,234.8504923057556,237.3691826748848,239.887873044014,242.40656341314315,244.92525378227234,247.44394415140152,249.96263452053068,252.48132488965987,255.00001525878906]}"
"52","{""values"":[14,8,11,34,39,67,119,179,322,408,635,919,1189,1595,2110,2539,3290,3970,4785,5593,6148,6963,7448,8302,8542,8747,8965,9091,9312,9312,9348,9298,9263,9268,9258,9344,9497,9370,9407,9475,9401,9334,9316,9424,9269,9441,9375,9636,9629,9923,10109,10815,11502,12096,13262,14512,15768,16916,18554,19791,21410,22792,23866,24699,25779,26652,26974,27462,27713,27519,27328,27095,26746,25793,25414,24964,24160,23085,21877,20196,18147,16730,14715,12452,10491,8477,6543,5175,3937,2819,1891,1339,843,509,319,186,103,53,35,31],""_type"":""histogram"",""bins"":[0,2.5500003051757814,5.100000610351563,7.650000915527344,10.200001220703125,12.750001525878908,15.300001831054688,17.85000213623047,20.40000244140625,22.950002746582033,25.500003051757815,28.050003356933594,30.600003662109376,33.15000396728516,35.70000427246094,38.25000457763672,40.8000048828125,43.35000518798828,45.900005493164066,48.450005798339845,51.00000610351563,53.55000640869141,56.10000671386719,58.650007019042974,61.20000732421875,63.75000762939453,66.30000793457032,68.8500082397461,71.40000854492187,73.95000885009766,76.50000915527345,79.05000946044922,81.600009765625,84.15001007080079,86.70001037597656,89.25001068115235,91.80001098632813,94.3500112915039,96.90001159667969,99.45001190185548,102.00001220703126,104.55001251220703,107.10001281738282,109.6500131225586,112.20001342773438,114.75001373291016,117.30001403808595,119.85001434326172,122.4000146484375,124.95001495361329,127.50001525878906,130.05001556396485,132.60001586914063,135.15001617431642,137.7000164794922,140.25001678466796,142.80001708984375,145.35001739501953,147.90001770019532,150.4500180053711,153.0000183105469,155.55001861572265,158.10001892089844,160.65001922607422,163.20001953125,165.7500198364258,168.30002014160158,170.85002044677736,173.40002075195312,175.9500210571289,178.5000213623047,181.05002166748048,183.60002197265626,186.15002227783205,188.7000225830078,191.2500228881836,193.80002319335938,196.35002349853517,198.90002380371095,201.45002410888674,204.00002441406252,206.55002471923828,209.10002502441407,211.65002532958985,214.20002563476564,216.75002593994142,219.3000262451172,221.85002655029297,224.40002685546875,226.95002716064454,229.50002746582032,232.0500277709961,234.6000280761719,237.15002838134765,239.70002868652344,242.25002899169922,244.800029296875,247.3500296020508,249.90002990722658,252.45003021240237,255.00003051757812]}"
"57","{""_type"":""histogram"",""values"":[2,1,5,6,9,11,21,30,44,56,84,116,167,219,286,349,435,545,674,769,905,1094,1270,1370,1576,1915,1976,2125,2334,2520,2731,3005,3280,3508,3817,4318,4657,5166,5830,6364,7006,7775,8516,9465,10689,11450,12390,13264,14307,15620,16330,17741,18921,20155,20967,22681,24179,25740,27202,28609,30167,31700,32979,34063,35283,36616,36658,36897,36883,35604,34891,33437,31439,29156,26966,24259,21613,18965,16021,13702,11687,9460,7831,6236,4929,3775,2913,2206,1601,1189,917,618,428,308,192,119,97,70,36,68],""bins"":[9.177436828613281,11.63566261291504,14.093888397216798,16.552114181518554,19.010339965820314,21.46856575012207,23.926791534423828,26.385017318725588,28.843243103027344,31.3014688873291,33.75969467163086,36.217920455932614,38.676146240234374,41.134372024536134,43.592597808837894,46.05082359313965,48.50904937744141,50.96727516174317,53.42550094604492,55.88372673034668,58.34195251464844,60.80017829895019,63.25840408325195,65.7166298675537,68.17485565185547,70.63308143615723,73.09130722045899,75.54953300476075,78.0077587890625,80.46598457336425,82.92421035766601,85.38243614196777,87.84066192626953,90.2988877105713,92.75711349487305,95.21533927917481,97.67356506347656,100.13179084777832,102.59001663208008,105.04824241638184,107.5064682006836,109.96469398498536,112.4229197692871,114.88114555358887,117.33937133789063,119.79759712219239,122.25582290649415,124.7140486907959,127.17227447509765,129.6305002593994,132.08872604370117,134.54695182800293,137.0051776123047,139.46340339660645,141.9216291809082,144.37985496520997,146.83808074951173,149.2963065338135,151.75453231811522,154.21275810241698,156.67098388671874,159.1292096710205,161.58743545532226,164.04566123962402,166.50388702392578,168.96211280822754,171.4203385925293,173.87856437683106,176.33679016113283,178.79501594543459,181.25324172973635,183.71146751403808,186.16969329833984,188.6279190826416,191.08614486694336,193.54437065124512,196.00259643554688,198.46082221984864,200.9190480041504,203.37727378845216,205.83549957275392,208.29372535705568,210.75195114135744,213.2101769256592,215.66840270996093,218.1266284942627,220.58485427856445,223.0430800628662,225.50130584716797,227.95953163146973,230.4177574157715,232.87598320007325,235.334208984375,237.79243476867677,240.25066055297853,242.7088863372803,245.16711212158202,247.62533790588378,250.08356369018554,252.5417894744873,255.00001525878906]}"
"62","{""values"":[27,33,66,93,124,233,344,517,811,1167,1674,2201,3064,3891,4971,6047,7112,8509,9546,10576,11666,12742,14079,15097,16274,17315,18585,19757,21445,22374,23769,24902,26303,26736,27738,28091,28519,28385,28110,27042,26080,25072,23068,21878,20114,18607,17864,16658,15970,15345,14353,14008,13535,13077,13057,12806,12470,12583,12430,12280,12254,12118,12445,12353,12311,12211,12167,12101,11620,11381,10788,10401,9812,9066,8607,7734,6951,6146,5300,4700,3797,3191,2571,2055,1476,1186,853,566,414,299,220,121,63,49,27,14,3,5,2,8],""_type"":""histogram"",""bins"":[0,2.5500001525878906,5.100000305175781,7.650000457763672,10.200000610351562,12.750000762939454,15.300000915527344,17.850001068115233,20.400001220703125,22.950001373291016,25.500001525878908,28.050001678466796,30.600001831054687,33.150001983642575,35.70000213623047,38.25000228881836,40.80000244140625,43.35000259399414,45.90000274658203,48.450002899169924,51.000003051757815,53.5500032043457,56.10000335693359,58.65000350952148,61.200003662109374,63.750003814697266,66.30000396728515,68.85000411987305,71.40000427246093,73.95000442504883,76.50000457763672,79.05000473022461,81.6000048828125,84.15000503540038,86.70000518798828,89.25000534057617,91.80000549316406,94.35000564575195,96.90000579833985,99.45000595092773,102.00000610351563,104.55000625610352,107.1000064086914,109.6500065612793,112.20000671386718,114.75000686645508,117.30000701904297,119.85000717163086,122.40000732421875,124.95000747680663,127.50000762939453,130.05000778198243,132.6000079345703,135.1500080871582,137.7000082397461,140.250008392334,142.80000854492187,145.35000869750976,147.90000885009766,150.45000900268553,153.00000915527343,155.55000930786133,158.10000946044923,160.6500096130371,163.200009765625,165.7500099182129,168.30001007080077,170.85001022338867,173.40001037597656,175.95001052856446,178.50001068115233,181.05001083374023,183.60001098632813,186.150011138916,188.7000112915039,191.2500114440918,193.8000115966797,196.35001174926757,198.90001190185546,201.45001205444336,204.00001220703126,206.55001235961913,209.10001251220703,211.65001266479493,214.2000128173828,216.7500129699707,219.3000131225586,221.8500132751465,224.40001342773436,226.95001358032226,229.50001373291016,232.05001388549803,234.60001403808593,237.15001419067383,239.70001434326173,242.2500144958496,244.8000146484375,247.3500148010254,249.90001495361327,252.45001510620116,255.00001525878906]}"
"67","{""values"":[6,3,5,11,13,19,32,57,89,146,212,317,419,630,899,1235,1479,1812,2166,2687,3119,3467,3651,4143,4395,4513,4899,5075,5476,5765,6234,6705,7465,8018,8737,9317,10221,10879,11486,12037,12690,13330,13911,14348,14961,15526,16697,17622,18262,19018,19902,20825,21706,22304,23181,23485,24178,24576,24859,25007,24959,24813,24986,24694,24403,24378,23574,23632,23389,23136,22619,22465,22048,21205,20567,19414,18703,17544,16504,14844,13504,12022,10574,8815,7455,6131,4837,3772,2926,2077,1465,1042,749,443,283,161,100,54,32,30],""_type"":""histogram"",""bins"":[0,2.5500001525878906,5.100000305175781,7.650000457763672,10.200000610351562,12.750000762939454,15.300000915527344,17.850001068115233,20.400001220703125,22.950001373291016,25.500001525878908,28.050001678466796,30.600001831054687,33.150001983642575,35.70000213623047,38.25000228881836,40.80000244140625,43.35000259399414,45.90000274658203,48.450002899169924,51.000003051757815,53.5500032043457,56.10000335693359,58.65000350952148,61.200003662109374,63.750003814697266,66.30000396728515,68.85000411987305,71.40000427246093,73.95000442504883,76.50000457763672,79.05000473022461,81.6000048828125,84.15000503540038,86.70000518798828,89.25000534057617,91.80000549316406,94.35000564575195,96.90000579833985,99.45000595092773,102.00000610351563,104.55000625610352,107.1000064086914,109.6500065612793,112.20000671386718,114.75000686645508,117.30000701904297,119.85000717163086,122.40000732421875,124.95000747680663,127.50000762939453,130.05000778198243,132.6000079345703,135.1500080871582,137.7000082397461,140.250008392334,142.80000854492187,145.35000869750976,147.90000885009766,150.45000900268553,153.00000915527343,155.55000930786133,158.10000946044923,160.6500096130371,163.200009765625,165.7500099182129,168.30001007080077,170.85001022338867,173.40001037597656,175.95001052856446,178.50001068115233,181.05001083374023,183.60001098632813,186.150011138916,188.7000112915039,191.2500114440918,193.8000115966797,196.35001174926757,198.90001190185546,201.45001205444336,204.00001220703126,206.55001235961913,209.10001251220703,211.65001266479493,214.2000128173828,216.7500129699707,219.3000131225586,221.8500132751465,224.40001342773436,226.95001358032226,229.50001373291016,232.05001388549803,234.60001403808593,237.15001419067383,239.70001434326173,242.2500144958496,244.8000146484375,247.3500148010254,249.90001495361327,252.45001510620116,255.00001525878906]}"
"72","{""_type"":""histogram"",""values"":[82,45,93,138,213,358,467,732,1029,1551,2096,2902,3961,5210,6788,8752,11043,13474,16347,19516,22820,26292,29895,33287,36808,39543,42473,44010,46087,46918,47400,47142,45976,44425,42649,40405,37198,34494,31212,28295,24452,21756,18821,16035,13606,11362,9422,8046,6678,5565,4667,4181,3574,3305,3018,2844,2592,2463,2318,2202,2027,1970,1817,1708,1482,1411,1283,1220,1050,895,811,698,624,493,435,343,281,222,159,139,120,94,59,44,41,35,25,19,8,11,9,2,0,5,1,0,0,1,0,1],""bins"":[0,2.5500001525878906,5.100000305175781,7.650000457763672,10.200000610351562,12.750000762939454,15.300000915527344,17.850001068115233,20.400001220703125,22.950001373291016,25.500001525878908,28.050001678466796,30.600001831054687,33.150001983642575,35.70000213623047,38.25000228881836,40.80000244140625,43.35000259399414,45.90000274658203,48.450002899169924,51.000003051757815,53.5500032043457,56.10000335693359,58.65000350952148,61.200003662109374,63.750003814697266,66.30000396728515,68.85000411987305,71.40000427246093,73.95000442504883,76.50000457763672,79.05000473022461,81.6000048828125,84.15000503540038,86.70000518798828,89.25000534057617,91.80000549316406,94.35000564575195,96.90000579833985,99.45000595092773,102.00000610351563,104.55000625610352,107.1000064086914,109.6500065612793,112.20000671386718,114.75000686645508,117.30000701904297,119.85000717163086,122.40000732421875,124.95000747680663,127.50000762939453,130.05000778198243,132.6000079345703,135.1500080871582,137.7000082397461,140.250008392334,142.80000854492187,145.35000869750976,147.90000885009766,150.45000900268553,153.00000915527343,155.55000930786133,158.10000946044923,160.6500096130371,163.200009765625,165.7500099182129,168.30001007080077,170.85001022338867,173.40001037597656,175.95001052856446,178.50001068115233,181.05001083374023,183.60001098632813,186.150011138916,188.7000112915039,191.2500114440918,193.8000115966797,196.35001174926757,198.90001190185546,201.45001205444336,204.00001220703126,206.55001235961913,209.10001251220703,211.65001266479493,214.2000128173828,216.7500129699707,219.3000131225586,221.8500132751465,224.40001342773436,226.95001358032226,229.50001373291016,232.05001388549803,234.60001403808593,237.15001419067383,239.70001434326173,242.2500144958496,244.8000146484375,247.3500148010254,249.90001495361327,252.45001510620116,255.00001525878906]}"
"77","{""_type"":""histogram"",""values"":[18,8,23,44,85,173,259,389,558,779,1072,1377,1778,2154,2548,2921,3455,3778,4292,4731,5108,5627,6158,6638,7137,7725,8171,8624,9083,9462,9845,10322,10640,11612,12141,12921,13763,14674,16047,16959,18048,19285,20497,21904,22877,24073,24719,25363,25883,26152,26362,26397,26324,25693,25518,24955,24549,23837,23243,22704,22076,21462,20719,20105,19430,19026,18172,17536,16727,16168,15285,14607,13546,12840,11822,10852,9704,8922,7930,7105,6143,5214,4562,3759,3117,2595,2039,1580,1195,972,615,440,295,198,122,93,42,33,20,26],""bins"":[0,2.5500001525878906,5.100000305175781,7.650000457763672,10.200000610351562,12.750000762939454,15.300000915527344,17.850001068115233,20.400001220703125,22.950001373291016,25.500001525878908,28.050001678466796,30.600001831054687,33.150001983642575,35.70000213623047,38.25000228881836,40.80000244140625,43.35000259399414,45.90000274658203,48.450002899169924,51.000003051757815,53.5500032043457,56.10000335693359,58.65000350952148,61.200003662109374,63.750003814697266,66.30000396728515,68.85000411987305,71.40000427246093,73.95000442504883,76.50000457763672,79.05000473022461,81.6000048828125,84.15000503540038,86.70000518798828,89.25000534057617,91.80000549316406,94.35000564575195,96.90000579833985,99.45000595092773,102.00000610351563,104.55000625610352,107.1000064086914,109.6500065612793,112.20000671386718,114.75000686645508,117.30000701904297,119.85000717163086,122.40000732421875,124.95000747680663,127.50000762939453,130.05000778198243,132.6000079345703,135.1500080871582,137.7000082397461,140.250008392334,142.80000854492187,145.35000869750976,147.90000885009766,150.45000900268553,153.00000915527343,155.55000930786133,158.10000946044923,160.6500096130371,163.200009765625,165.7500099182129,168.30001007080077,170.85001022338867,173.40001037597656,175.95001052856446,178.50001068115233,181.05001083374023,183.60001098632813,186.150011138916,188.7000112915039,191.2500114440918,193.8000115966797,196.35001174926757,198.90001190185546,201.45001205444336,204.00001220703126,206.55001235961913,209.10001251220703,211.65001266479493,214.2000128173828,216.7500129699707,219.3000131225586,221.8500132751465,224.40001342773436,226.95001358032226,229.50001373291016,232.05001388549803,234.60001403808593,237.15001419067383,239.70001434326173,242.2500144958496,244.8000146484375,247.3500148010254,249.90001495361327,252.45001510620116,255.00001525878906]}"
"82","{""_type"":""histogram"",""values"":[17,8,17,24,69,83,217,299,522,764,1092,1656,2106,2697,3464,4095,5000,6118,7122,8322,9748,11200,12433,13786,15356,16599,17981,19279,20530,21250,21920,23159,23914,24547,25115,25774,25830,26377,26991,27161,27263,27520,27414,27937,27311,27323,26699,26122,25484,24913,24253,23495,22644,21199,20768,19842,18936,18086,16796,15851,14766,13596,12500,11519,10117,9266,8189,7040,6173,5179,4598,3874,3256,2680,2316,1909,1636,1334,1112,951,831,620,560,428,361,318,229,166,135,119,70,58,58,38,29,12,8,4,6,17],""bins"":[0,2.55,5.1,7.6499999999999995,10.2,12.75,15.299999999999999,17.849999999999998,20.4,22.95,25.5,28.049999999999997,30.599999999999998,33.15,35.699999999999996,38.25,40.8,43.349999999999994,45.9,48.449999999999996,51,53.55,56.099999999999994,58.65,61.199999999999996,63.74999999999999,66.3,68.85,71.39999999999999,73.94999999999999,76.5,79.05,81.6,84.14999999999999,86.69999999999999,89.25,91.8,94.35,96.89999999999999,99.44999999999999,102,104.55,107.1,109.64999999999999,112.19999999999999,114.74999999999999,117.3,119.85,122.39999999999999,124.94999999999999,127.49999999999999,130.04999999999998,132.6,135.14999999999998,137.7,140.25,142.79999999999998,145.35,147.89999999999998,150.45,153,155.54999999999998,158.1,160.64999999999998,163.2,165.75,168.29999999999998,170.85,173.39999999999998,175.95,178.5,181.04999999999998,183.6,186.14999999999998,188.7,191.25,193.79999999999998,196.35,198.89999999999998,201.45,204,206.54999999999998,209.1,211.64999999999998,214.2,216.74999999999997,219.29999999999998,221.85,224.39999999999998,226.95,229.49999999999997,232.04999999999998,234.6,237.14999999999998,239.7,242.24999999999997,244.79999999999998,247.35,249.89999999999998,252.45,254.99999999999997]}"
"87","{""values"":[41,25,46,95,177,277,463,850,1227,1909,2849,4005,5493,7277,9452,11913,14169,16847,19580,22326,24735,27180,28958,30735,32002,33001,33483,33448,32882,32883,31863,30788,29328,28350,26745,25145,23757,22365,20779,19637,18860,18216,17851,17221,17188,16981,16973,17125,17302,17063,16804,16407,15844,14977,14157,13176,11703,10727,9522,8207,6870,5964,5073,4266,3695,3107,2678,2454,2032,1839,1645,1537,1416,1325,1205,1151,1060,991,854,847,804,708,695,569,455,408,348,311,228,147,148,119,76,49,39,26,25,13,2,8],""_type"":""histogram"",""bins"":[0,2.55,5.1,7.6499999999999995,10.2,12.75,15.299999999999999,17.849999999999998,20.4,22.95,25.5,28.049999999999997,30.599999999999998,33.15,35.699999999999996,38.25,40.8,43.349999999999994,45.9,48.449999999999996,51,53.55,56.099999999999994,58.65,61.199999999999996,63.74999999999999,66.3,68.85,71.39999999999999,73.94999999999999,76.5,79.05,81.6,84.14999999999999,86.69999999999999,89.25,91.8,94.35,96.89999999999999,99.44999999999999,102,104.55,107.1,109.64999999999999,112.19999999999999,114.74999999999999,117.3,119.85,122.39999999999999,124.94999999999999,127.49999999999999,130.04999999999998,132.6,135.14999999999998,137.7,140.25,142.79999999999998,145.35,147.89999999999998,150.45,153,155.54999999999998,158.1,160.64999999999998,163.2,165.75,168.29999999999998,170.85,173.39999999999998,175.95,178.5,181.04999999999998,183.6,186.14999999999998,188.7,191.25,193.79999999999998,196.35,198.89999999999998,201.45,204,206.54999999999998,209.1,211.64999999999998,214.2,216.74999999999997,219.29999999999998,221.85,224.39999999999998,226.95,229.49999999999997,232.04999999999998,234.6,237.14999999999998,239.7,242.24999999999997,244.79999999999998,247.35,249.89999999999998,252.45,254.99999999999997]}"
"92","{""_type"":""histogram"",""values"":[61,27,53,97,129,249,338,500,762,1070,1458,2074,2925,3823,4991,6478,8296,10117,12135,14115,16887,19651,21895,24716,27270,29400,31739,33832,35404,36247,37225,38088,38056,37786,37343,36454,35734,34011,32820,31532,29731,27776,26137,24102,22176,19989,18218,16325,14747,13162,11423,10488,9310,8367,7610,6962,6441,5914,5657,5297,4915,4608,4328,4149,3800,3621,3383,3163,2750,2572,2474,2123,1968,1715,1397,1236,1029,833,690,573,475,322,245,181,126,90,59,40,34,25,12,7,4,3,3,0,1,1,0,1],""bins"":[0,2.3523690795898435,4.704738159179687,7.057107238769531,9.409476318359374,11.761845397949218,14.114214477539061,16.466583557128907,18.81895263671875,21.17132171630859,23.523690795898435,25.87605987548828,28.228428955078122,30.580798034667964,32.93316711425781,35.285536193847655,37.6379052734375,39.99027435302734,42.34264343261718,44.69501251220703,47.04738159179687,49.39975067138671,51.75211975097656,54.1044888305664,56.456857910156245,58.80922698974609,61.16159606933593,63.51396514892578,65.86633422851563,68.21870330810546,70.57107238769531,72.92344146728514,75.275810546875,77.62817962646484,79.98054870605468,82.33291778564453,84.68528686523436,87.03765594482421,89.39002502441406,91.74239410400389,94.09476318359374,96.44713226318359,98.79950134277342,101.15187042236327,103.50423950195312,105.85660858154296,108.2089776611328,110.56134674072264,112.91371582031249,115.26608489990234,117.61845397949217,119.97082305908202,122.32319213867186,124.6755612182617,127.02793029785155,129.3802993774414,131.73266845703125,134.0850375366211,136.43740661621092,138.78977569580076,141.14214477539062,143.49451385498045,145.8468829345703,148.19925201416015,150.55162109375,152.90399017333982,155.25635925292968,157.60872833251952,159.96109741210935,162.31346649169922,164.66583557128905,167.01820465087889,169.37057373046872,171.72294281005858,174.07531188964842,176.42768096923825,178.78005004882812,181.13241912841795,183.48478820800779,185.83715728759765,188.18952636718748,190.54189544677732,192.89426452636718,195.24663360595702,197.59900268554685,199.9513717651367,202.30374084472655,204.65610992431638,207.00847900390625,209.36084808349608,211.71321716308591,214.06558624267575,216.4179553222656,218.77032440185545,221.12269348144528,223.47506256103514,225.82743164062498,228.1798007202148,230.53216979980468,232.8845388793945,235.23690795898435]}"
"97","{""values"":[12,7,15,23,57,106,181,348,585,1006,1458,2147,2966,3873,4920,5774,6738,7424,7883,8408,8826,9208,9549,9743,10071,10539,10815,11173,11756,11828,12006,12407,12528,12782,13294,13539,13836,14128,14215,14744,15032,15471,16098,16631,17052,17253,18099,18588,19178,20004,20615,21340,21903,22756,22976,23400,23923,24118,23931,23931,23572,23252,22621,21743,21145,19866,19032,18073,16827,16272,14839,14010,13141,12304,11434,10614,9906,9095,8406,7662,6832,6247,5384,4782,4075,3306,2833,2189,1686,1321,1000,642,432,329,180,116,90,45,25,31],""_type"":""histogram"",""bins"":[0,2.5500001525878906,5.100000305175781,7.650000457763672,10.200000610351562,12.750000762939454,15.300000915527344,17.850001068115233,20.400001220703125,22.950001373291016,25.500001525878908,28.050001678466796,30.600001831054687,33.150001983642575,35.70000213623047,38.25000228881836,40.80000244140625,43.35000259399414,45.90000274658203,48.450002899169924,51.000003051757815,53.5500032043457,56.10000335693359,58.65000350952148,61.200003662109374,63.750003814697266,66.30000396728515,68.85000411987305,71.40000427246093,73.95000442504883,76.50000457763672,79.05000473022461,81.6000048828125,84.15000503540038,86.70000518798828,89.25000534057617,91.80000549316406,94.35000564575195,96.90000579833985,99.45000595092773,102.00000610351563,104.55000625610352,107.1000064086914,109.6500065612793,112.20000671386718,114.75000686645508,117.30000701904297,119.85000717163086,122.40000732421875,124.95000747680663,127.50000762939453,130.05000778198243,132.6000079345703,135.1500080871582,137.7000082397461,140.250008392334,142.80000854492187,145.35000869750976,147.90000885009766,150.45000900268553,153.00000915527343,155.55000930786133,158.10000946044923,160.6500096130371,163.200009765625,165.7500099182129,168.30001007080077,170.85001022338867,173.40001037597656,175.95001052856446,178.50001068115233,181.05001083374023,183.60001098632813,186.150011138916,188.7000112915039,191.2500114440918,193.8000115966797,196.35001174926757,198.90001190185546,201.45001205444336,204.00001220703126,206.55001235961913,209.10001251220703,211.65001266479493,214.2000128173828,216.7500129699707,219.3000131225586,221.8500132751465,224.40001342773436,226.95001358032226,229.50001373291016,232.05001388549803,234.60001403808593,237.15001419067383,239.70001434326173,242.2500144958496,244.8000146484375,247.3500148010254,249.90001495361327,252.45001510620116,255.00001525878906]}"
"102","{""values"":[15,21,31,74,139,239,366,615,866,1152,1407,1692,1880,2083,2267,2565,2628,3060,3427,3853,4146,4677,5106,5569,6204,6727,7515,8303,9299,10187,11375,12578,13537,14973,16287,17597,18658,19623,21107,21886,22838,23430,24349,24603,24550,25535,25594,25598,26066,25953,25864,25653,25209,25054,24695,23764,23221,22582,21610,21247,20140,19377,18516,17788,16778,16368,15203,14696,14296,13372,12526,12047,11321,10633,9981,9380,8698,7955,7355,6375,5859,5236,4560,3987,3321,2890,2286,1780,1435,1016,760,535,347,200,148,104,61,32,24,41],""_type"":""histogram"",""bins"":[0,2.5500001525878906,5.100000305175781,7.650000457763672,10.200000610351562,12.750000762939454,15.300000915527344,17.850001068115233,20.400001220703125,22.950001373291016,25.500001525878908,28.050001678466796,30.600001831054687,33.150001983642575,35.70000213623047,38.25000228881836,40.80000244140625,43.35000259399414,45.90000274658203,48.450002899169924,51.000003051757815,53.5500032043457,56.10000335693359,58.65000350952148,61.200003662109374,63.750003814697266,66.30000396728515,68.85000411987305,71.40000427246093,73.95000442504883,76.50000457763672,79.05000473022461,81.6000048828125,84.15000503540038,86.70000518798828,89.25000534057617,91.80000549316406,94.35000564575195,96.90000579833985,99.45000595092773,102.00000610351563,104.55000625610352,107.1000064086914,109.6500065612793,112.20000671386718,114.75000686645508,117.30000701904297,119.85000717163086,122.40000732421875,124.95000747680663,127.50000762939453,130.05000778198243,132.6000079345703,135.1500080871582,137.7000082397461,140.250008392334,142.80000854492187,145.35000869750976,147.90000885009766,150.45000900268553,153.00000915527343,155.55000930786133,158.10000946044923,160.6500096130371,163.200009765625,165.7500099182129,168.30001007080077,170.85001022338867,173.40001037597656,175.95001052856446,178.50001068115233,181.05001083374023,183.60001098632813,186.150011138916,188.7000112915039,191.2500114440918,193.8000115966797,196.35001174926757,198.90001190185546,201.45001205444336,204.00001220703126,206.55001235961913,209.10001251220703,211.65001266479493,214.2000128173828,216.7500129699707,219.3000131225586,221.8500132751465,224.40001342773436,226.95001358032226,229.50001373291016,232.05001388549803,234.60001403808593,237.15001419067383,239.70001434326173,242.2500144958496,244.8000146484375,247.3500148010254,249.90001495361327,252.45001510620116,255.00001525878906]}"
"107","{""_type"":""histogram"",""values"":[19,12,29,55,82,141,224,399,644,1057,1451,2011,2783,3380,4026,4708,5284,6177,6656,7612,8496,9482,10170,11260,12055,13028,14033,14798,15945,16827,18062,19140,20063,21309,22343,23495,23982,24975,25563,26185,26557,27058,27254,27260,27477,27434,26804,26475,26112,25754,25052,24215,23388,22790,21643,20919,19679,18768,17569,16377,15106,14245,13051,11899,11029,10072,9111,8342,7691,7063,6346,5873,5402,4918,4469,4095,3698,3408,3159,2868,2732,2485,2289,2108,1977,1692,1505,1358,1090,870,686,519,333,221,130,78,45,35,15,17],""bins"":[0,2.5500001525878906,5.100000305175781,7.650000457763672,10.200000610351562,12.750000762939454,15.300000915527344,17.850001068115233,20.400001220703125,22.950001373291016,25.500001525878908,28.050001678466796,30.600001831054687,33.150001983642575,35.70000213623047,38.25000228881836,40.80000244140625,43.35000259399414,45.90000274658203,48.450002899169924,51.000003051757815,53.5500032043457,56.10000335693359,58.65000350952148,61.200003662109374,63.750003814697266,66.30000396728515,68.85000411987305,71.40000427246093,73.95000442504883,76.50000457763672,79.05000473022461,81.6000048828125,84.15000503540038,86.70000518798828,89.25000534057617,91.80000549316406,94.35000564575195,96.90000579833985,99.45000595092773,102.00000610351563,104.55000625610352,107.1000064086914,109.6500065612793,112.20000671386718,114.75000686645508,117.30000701904297,119.85000717163086,122.40000732421875,124.95000747680663,127.50000762939453,130.05000778198243,132.6000079345703,135.1500080871582,137.7000082397461,140.250008392334,142.80000854492187,145.35000869750976,147.90000885009766,150.45000900268553,153.00000915527343,155.55000930786133,158.10000946044923,160.6500096130371,163.200009765625,165.7500099182129,168.30001007080077,170.85001022338867,173.40001037597656,175.95001052856446,178.50001068115233,181.05001083374023,183.60001098632813,186.150011138916,188.7000112915039,191.2500114440918,193.8000115966797,196.35001174926757,198.90001190185546,201.45001205444336,204.00001220703126,206.55001235961913,209.10001251220703,211.65001266479493,214.2000128173828,216.7500129699707,219.3000131225586,221.8500132751465,224.40001342773436,226.95001358032226,229.50001373291016,232.05001388549803,234.60001403808593,237.15001419067383,239.70001434326173,242.2500144958496,244.8000146484375,247.3500148010254,249.90001495361327,252.45001510620116,255.00001525878906]}"
"112","{""_type"":""histogram"",""values"":[34,30,57,72,152,284,444,718,1203,1728,2728,3952,5603,7309,9483,11792,14167,16379,18441,20299,21927,23152,23944,25316,26714,27222,28227,28705,29541,29944,30532,31052,31348,31501,31208,31357,31094,30644,30336,29537,28858,28019,26568,25448,24280,22436,21420,19549,17878,16518,14912,13365,11863,10529,9226,8047,6934,5852,5029,4353,3683,3295,2810,2439,2119,1965,1864,1657,1538,1507,1344,1253,1175,1093,1046,962,892,830,803,794,832,728,751,712,671,671,532,425,352,208,167,84,56,28,12,9,4,3,0,2],""bins"":[0,2.55,5.1,7.6499999999999995,10.2,12.75,15.299999999999999,17.849999999999998,20.4,22.95,25.5,28.049999999999997,30.599999999999998,33.15,35.699999999999996,38.25,40.8,43.349999999999994,45.9,48.449999999999996,51,53.55,56.099999999999994,58.65,61.199999999999996,63.74999999999999,66.3,68.85,71.39999999999999,73.94999999999999,76.5,79.05,81.6,84.14999999999999,86.69999999999999,89.25,91.8,94.35,96.89999999999999,99.44999999999999,102,104.55,107.1,109.64999999999999,112.19999999999999,114.74999999999999,117.3,119.85,122.39999999999999,124.94999999999999,127.49999999999999,130.04999999999998,132.6,135.14999999999998,137.7,140.25,142.79999999999998,145.35,147.89999999999998,150.45,153,155.54999999999998,158.1,160.64999999999998,163.2,165.75,168.29999999999998,170.85,173.39999999999998,175.95,178.5,181.04999999999998,183.6,186.14999999999998,188.7,191.25,193.79999999999998,196.35,198.89999999999998,201.45,204,206.54999999999998,209.1,211.64999999999998,214.2,216.74999999999997,219.29999999999998,221.85,224.39999999999998,226.95,229.49999999999997,232.04999999999998,234.6,237.14999999999998,239.7,242.24999999999997,244.79999999999998,247.35,249.89999999999998,252.45,254.99999999999997]}"
"117","{""_type"":""histogram"",""values"":[5,7,7,7,21,48,74,116,174,248,388,479,607,806,1065,1340,1595,1835,2228,2498,2944,3460,3882,4428,5166,5696,6446,7301,7987,8646,9501,10188,10872,11663,12400,13152,14078,14832,15859,16955,18013,19611,20910,21940,23745,24548,25676,26419,26868,27160,27208,26939,26784,26299,25267,25302,24376,24391,23855,23037,22573,21974,21383,20975,20090,19195,18549,17740,17143,15777,15113,14215,13496,12811,12062,11720,11071,10260,9404,8905,8144,7156,6363,5419,4658,3707,3174,2315,1779,1337,919,646,410,324,160,102,63,40,25,27],""bins"":[0,2.5500001525878906,5.100000305175781,7.650000457763672,10.200000610351562,12.750000762939454,15.300000915527344,17.850001068115233,20.400001220703125,22.950001373291016,25.500001525878908,28.050001678466796,30.600001831054687,33.150001983642575,35.70000213623047,38.25000228881836,40.80000244140625,43.35000259399414,45.90000274658203,48.450002899169924,51.000003051757815,53.5500032043457,56.10000335693359,58.65000350952148,61.200003662109374,63.750003814697266,66.30000396728515,68.85000411987305,71.40000427246093,73.95000442504883,76.50000457763672,79.05000473022461,81.6000048828125,84.15000503540038,86.70000518798828,89.25000534057617,91.80000549316406,94.35000564575195,96.90000579833985,99.45000595092773,102.00000610351563,104.55000625610352,107.1000064086914,109.6500065612793,112.20000671386718,114.75000686645508,117.30000701904297,119.85000717163086,122.40000732421875,124.95000747680663,127.50000762939453,130.05000778198243,132.6000079345703,135.1500080871582,137.7000082397461,140.250008392334,142.80000854492187,145.35000869750976,147.90000885009766,150.45000900268553,153.00000915527343,155.55000930786133,158.10000946044923,160.6500096130371,163.200009765625,165.7500099182129,168.30001007080077,170.85001022338867,173.40001037597656,175.95001052856446,178.50001068115233,181.05001083374023,183.60001098632813,186.150011138916,188.7000112915039,191.2500114440918,193.8000115966797,196.35001174926757,198.90001190185546,201.45001205444336,204.00001220703126,206.55001235961913,209.10001251220703,211.65001266479493,214.2000128173828,216.7500129699707,219.3000131225586,221.8500132751465,224.40001342773436,226.95001358032226,229.50001373291016,232.05001388549803,234.60001403808593,237.15001419067383,239.70001434326173,242.2500144958496,244.8000146484375,247.3500148010254,249.90001495361327,252.45001510620116,255.00001525878906]}"
"122","{""_type"":""histogram"",""values"":[11,5,8,12,24,20,33,52,66,94,140,226,289,324,432,604,763,910,1177,1373,1656,2080,2317,2806,3197,3754,4250,4731,5351,6030,6618,7578,8222,8877,10005,10899,12206,13280,14529,16041,17134,18822,19952,21308,22600,23893,24685,25764,26251,27251,27705,28143,28126,27759,27237,27128,26392,25995,25514,24714,24306,23835,23564,23010,22943,21988,21089,20243,19723,18719,17601,16698,15636,14489,13631,12555,11763,10820,10017,9136,8286,7706,6578,5707,4933,4100,3270,2609,1886,1406,1009,720,538,270,174,121,62,29,17,26],""bins"":[0,2.5500001525878906,5.100000305175781,7.650000457763672,10.200000610351562,12.750000762939454,15.300000915527344,17.850001068115233,20.400001220703125,22.950001373291016,25.500001525878908,28.050001678466796,30.600001831054687,33.150001983642575,35.70000213623047,38.25000228881836,40.80000244140625,43.35000259399414,45.90000274658203,48.450002899169924,51.000003051757815,53.5500032043457,56.10000335693359,58.65000350952148,61.200003662109374,63.750003814697266,66.30000396728515,68.85000411987305,71.40000427246093,73.95000442504883,76.50000457763672,79.05000473022461,81.6000048828125,84.15000503540038,86.70000518798828,89.25000534057617,91.80000549316406,94.35000564575195,96.90000579833985,99.45000595092773,102.00000610351563,104.55000625610352,107.1000064086914,109.6500065612793,112.20000671386718,114.75000686645508,117.30000701904297,119.85000717163086,122.40000732421875,124.95000747680663,127.50000762939453,130.05000778198243,132.6000079345703,135.1500080871582,137.7000082397461,140.250008392334,142.80000854492187,145.35000869750976,147.90000885009766,150.45000900268553,153.00000915527343,155.55000930786133,158.10000946044923,160.6500096130371,163.200009765625,165.7500099182129,168.30001007080077,170.85001022338867,173.40001037597656,175.95001052856446,178.50001068115233,181.05001083374023,183.60001098632813,186.150011138916,188.7000112915039,191.2500114440918,193.8000115966797,196.35001174926757,198.90001190185546,201.45001205444336,204.00001220703126,206.55001235961913,209.10001251220703,211.65001266479493,214.2000128173828,216.7500129699707,219.3000131225586,221.8500132751465,224.40001342773436,226.95001358032226,229.50001373291016,232.05001388549803,234.60001403808593,237.15001419067383,239.70001434326173,242.2500144958496,244.8000146484375,247.3500148010254,249.90001495361327,252.45001510620116,255.00001525878906]}"
"127","{""_type"":""histogram"",""values"":[16,13,20,48,80,160,302,509,894,1312,2084,2891,3807,5115,6499,7705,9378,10640,11994,12682,13760,14417,14672,15412,16121,16925,17396,18350,19090,19586,20361,20918,21121,21927,22383,22203,22646,22696,22466,22669,22492,22616,22204,22267,21984,21436,20883,20433,19991,19406,18764,18095,17616,16644,16125,15238,14813,13970,13489,13053,12662,12124,11878,11611,11545,11419,11195,10999,10773,10616,10196,10276,9461,9094,8537,7880,7126,6364,5637,4967,4315,3530,3090,2478,2002,1604,1184,875,712,505,375,255,159,122,81,57,33,19,16,17],""bins"":[0,2.5500001525878906,5.100000305175781,7.650000457763672,10.200000610351562,12.750000762939454,15.300000915527344,17.850001068115233,20.400001220703125,22.950001373291016,25.500001525878908,28.050001678466796,30.600001831054687,33.150001983642575,35.70000213623047,38.25000228881836,40.80000244140625,43.35000259399414,45.90000274658203,48.450002899169924,51.000003051757815,53.5500032043457,56.10000335693359,58.65000350952148,61.200003662109374,63.750003814697266,66.30000396728515,68.85000411987305,71.40000427246093,73.95000442504883,76.50000457763672,79.05000473022461,81.6000048828125,84.15000503540038,86.70000518798828,89.25000534057617,91.80000549316406,94.35000564575195,96.90000579833985,99.45000595092773,102.00000610351563,104.55000625610352,107.1000064086914,109.6500065612793,112.20000671386718,114.75000686645508,117.30000701904297,119.85000717163086,122.40000732421875,124.95000747680663,127.50000762939453,130.05000778198243,132.6000079345703,135.1500080871582,137.7000082397461,140.250008392334,142.80000854492187,145.35000869750976,147.90000885009766,150.45000900268553,153.00000915527343,155.55000930786133,158.10000946044923,160.6500096130371,163.200009765625,165.7500099182129,168.30001007080077,170.85001022338867,173.40001037597656,175.95001052856446,178.50001068115233,181.05001083374023,183.60001098632813,186.150011138916,188.7000112915039,191.2500114440918,193.8000115966797,196.35001174926757,198.90001190185546,201.45001205444336,204.00001220703126,206.55001235961913,209.10001251220703,211.65001266479493,214.2000128173828,216.7500129699707,219.3000131225586,221.8500132751465,224.40001342773436,226.95001358032226,229.50001373291016,232.05001388549803,234.60001403808593,237.15001419067383,239.70001434326173,242.2500144958496,244.8000146484375,247.3500148010254,249.90001495361327,252.45001510620116,255.00001525878906]}"