"Step","concat_no_gan - generated G distribution"
"2","{""values"":[40,0,2,7,8,10,11,23,42,2919,11396,1679,247,79,63,162,14804,1600,4013,15399,13419,11345,19613,1780,466,2302,26707,22096,13164,20629,23778,9111,21169,26132,31437,25398,10343,9082,4131,6980,10210,26846,24962,16363,11789,1166,3771,17713,10291,11096,49910,11146,10861,31280,16082,25631,9612,25276,21167,17455,15446,31160,2880,715,13687,27698,21033,19893,40870,10519,35191,39971,28451,7283,10769,22109,11318,4873,297,64,38,26,10,9,9,8,7,0,1,1,2,2,0,0,3,0,1,0,4,15],""_type"":""histogram"",""bins"":[0,2.5500001525878906,5.100000305175781,7.650000457763672,10.200000610351562,12.750000762939454,15.300000915527344,17.850001068115233,20.400001220703125,22.950001373291016,25.500001525878908,28.050001678466796,30.600001831054687,33.150001983642575,35.70000213623047,38.25000228881836,40.80000244140625,43.35000259399414,45.90000274658203,48.450002899169924,51.000003051757815,53.5500032043457,56.10000335693359,58.65000350952148,61.200003662109374,63.750003814697266,66.30000396728515,68.85000411987305,71.40000427246093,73.95000442504883,76.50000457763672,79.05000473022461,81.6000048828125,84.15000503540038,86.70000518798828,89.25000534057617,91.80000549316406,94.35000564575195,96.90000579833985,99.45000595092773,102.00000610351563,104.55000625610352,107.1000064086914,109.6500065612793,112.20000671386718,114.75000686645508,117.30000701904297,119.85000717163086,122.40000732421875,124.95000747680663,127.50000762939453,130.05000778198243,132.6000079345703,135.1500080871582,137.7000082397461,140.250008392334,142.80000854492187,145.35000869750976,147.90000885009766,150.45000900268553,153.00000915527343,155.55000930786133,158.10000946044923,160.6500096130371,163.200009765625,165.7500099182129,168.30001007080077,170.85001022338867,173.40001037597656,175.95001052856446,178.50001068115233,181.05001083374023,183.60001098632813,186.150011138916,188.7000112915039,191.2500114440918,193.8000115966797,196.35001174926757,198.90001190185546,201.45001205444336,204.00001220703126,206.55001235961913,209.10001251220703,211.65001266479493,214.2000128173828,216.7500129699707,219.3000131225586,221.8500132751465,224.40001342773436,226.95001358032226,229.50001373291016,232.05001388549803,234.60001403808593,237.15001419067383,239.70001434326173,242.2500144958496,244.8000146484375,247.3500148010254,249.90001495361327,252.45001510620116,255.00001525878906]}"
"7","{""values"":[21,22,33,58,108,205,309,575,944,1423,2175,3058,4277,5508,6820,8403,9842,11376,12582,13836,14387,15127,15386,15765,15714,15930,16314,16335,16599,16857,16887,16989,17082,16797,17097,16581,16641,16677,16979,17283,17815,18257,18558,18986,19147,19247,19209,18739,18564,17938,17249,16636,16243,15419,14878,14867,14972,14857,14744,14896,15387,15756,16251,16319,16314,16496,16038,15532,14880,14111,13292,12609,12187,11166,10781,10205,9507,9111,8782,7810,7019,6225,5235,4231,3475,2761,2075,1544,1020,746,526,323,255,139,82,63,39,19,15,27],""_type"":""histogram"",""bins"":[0,2.5500001525878906,5.100000305175781,7.650000457763672,10.200000610351562,12.750000762939454,15.300000915527344,17.850001068115233,20.400001220703125,22.950001373291016,25.500001525878908,28.050001678466796,30.600001831054687,33.150001983642575,35.70000213623047,38.25000228881836,40.80000244140625,43.35000259399414,45.90000274658203,48.450002899169924,51.000003051757815,53.5500032043457,56.10000335693359,58.65000350952148,61.200003662109374,63.750003814697266,66.30000396728515,68.85000411987305,71.40000427246093,73.95000442504883,76.50000457763672,79.05000473022461,81.6000048828125,84.15000503540038,86.70000518798828,89.25000534057617,91.80000549316406,94.35000564575195,96.90000579833985,99.45000595092773,102.00000610351563,104.55000625610352,107.1000064086914,109.6500065612793,112.20000671386718,114.75000686645508,117.30000701904297,119.85000717163086,122.40000732421875,124.95000747680663,127.50000762939453,130.05000778198243,132.6000079345703,135.1500080871582,137.7000082397461,140.250008392334,142.80000854492187,145.35000869750976,147.90000885009766,150.45000900268553,153.00000915527343,155.55000930786133,158.10000946044923,160.6500096130371,163.200009765625,165.7500099182129,168.30001007080077,170.85001022338867,173.40001037597656,175.95001052856446,178.50001068115233,181.05001083374023,183.60001098632813,186.150011138916,188.7000112915039,191.2500114440918,193.8000115966797,196.35001174926757,198.90001190185546,201.45001205444336,204.00001220703126,206.55001235961913,209.10001251220703,211.65001266479493,214.2000128173828,216.7500129699707,219.3000131225586,221.8500132751465,224.40001342773436,226.95001358032226,229.50001373291016,232.05001388549803,234.60001403808593,237.15001419067383,239.70001434326173,242.2500144958496,244.8000146484375,247.3500148010254,249.90001495361327,252.45001510620116,255.00001525878906]}"
"12","{""_type"":""histogram"",""values"":[2,0,2,1,4,2,6,5,8,9,16,20,20,32,24,39,37,77,81,89,118,132,174,241,354,440,608,858,1157,1564,2099,2751,3677,4576,5698,7058,8412,10064,12308,14738,17222,20189,23309,27009,30485,33737,37163,39306,41798,43136,43459,42915,42254,40954,39310,37620,35448,34190,33173,31692,30629,29233,27485,25549,23625,21009,18509,16155,13901,11822,9906,8361,6942,5890,4947,4044,3488,2944,2579,2073,1653,1430,1118,840,683,485,402,278,190,162,94,63,44,29,23,16,16,13,8,68],""bins"":[75.62328338623047,77.41705070495605,79.21081802368164,81.00458534240722,82.79835266113281,84.5921199798584,86.38588729858398,88.17965461730957,89.97342193603515,91.76718925476075,93.56095657348632,95.35472389221192,97.1484912109375,98.94225852966309,100.73602584838868,102.52979316711426,104.32356048583985,106.11732780456543,107.91109512329102,109.7048624420166,111.49862976074219,113.29239707946778,115.08616439819336,116.87993171691895,118.67369903564453,120.46746635437012,122.2612336730957,124.05500099182129,125.84876831054689,127.64253562927246,129.43630294799806,131.23007026672363,133.02383758544923,134.8176049041748,136.6113722229004,138.40513954162597,140.19890686035157,141.99267417907714,143.78644149780274,145.58020881652834,147.3739761352539,149.16774345397948,150.96151077270508,152.75527809143068,154.54904541015625,156.34281272888182,158.13658004760742,159.93034736633302,161.7241146850586,163.51788200378417,165.31164932250977,167.10541664123537,168.89918395996094,170.6929512786865,172.4867185974121,174.2804859161377,176.0742532348633,177.86802055358888,179.66178787231445,181.45555519104005,183.24932250976565,185.04308982849122,186.8368571472168,188.6306244659424,190.424391784668,192.21815910339356,194.01192642211913,195.80569374084473,197.59946105957033,199.3932283782959,201.18699569702147,202.98076301574707,204.77453033447267,206.56829765319824,208.36206497192384,210.1558322906494,211.949599609375,213.74336692810058,215.53713424682618,217.33090156555176,219.12466888427736,220.91843620300293,222.71220352172853,224.5059708404541,226.2997381591797,228.09350547790527,229.88727279663087,231.68104011535647,233.47480743408204,235.26857475280764,237.0623420715332,238.8561093902588,240.64987670898438,242.44364402770998,244.23741134643555,246.03117866516115,247.82494598388672,249.61871330261232,251.4124806213379,253.2062479400635,255.00001525878906]}"
"17","{""values"":[40,10,8,13,17,15,20,19,26,34,39,60,75,79,110,123,180,195,249,321,409,576,727,903,1095,1369,1750,2084,2678,3188,3810,4686,5540,6492,7861,9196,10751,12548,14672,16698,18882,21482,24000,26497,29213,31997,34369,36969,38971,40964,42989,43856,44734,44366,44203,42968,41583,39413,37216,34102,31216,27768,25154,21879,18865,16060,13685,11636,9878,8210,6832,5653,4685,3720,3248,2581,2094,1654,1350,1060,821,679,557,415,329,238,197,171,110,99,79,50,49,33,24,15,12,4,9,17],""_type"":""histogram"",""bins"":[0,2.5500001525878906,5.100000305175781,7.650000457763672,10.200000610351562,12.750000762939454,15.300000915527344,17.850001068115233,20.400001220703125,22.950001373291016,25.500001525878908,28.050001678466796,30.600001831054687,33.150001983642575,35.70000213623047,38.25000228881836,40.80000244140625,43.35000259399414,45.90000274658203,48.450002899169924,51.000003051757815,53.5500032043457,56.10000335693359,58.65000350952148,61.200003662109374,63.750003814697266,66.30000396728515,68.85000411987305,71.40000427246093,73.95000442504883,76.50000457763672,79.05000473022461,81.6000048828125,84.15000503540038,86.70000518798828,89.25000534057617,91.80000549316406,94.35000564575195,96.90000579833985,99.45000595092773,102.00000610351563,104.55000625610352,107.1000064086914,109.6500065612793,112.20000671386718,114.75000686645508,117.30000701904297,119.85000717163086,122.40000732421875,124.95000747680663,127.50000762939453,130.05000778198243,132.6000079345703,135.1500080871582,137.7000082397461,140.250008392334,142.80000854492187,145.35000869750976,147.90000885009766,150.45000900268553,153.00000915527343,155.55000930786133,158.10000946044923,160.6500096130371,163.200009765625,165.7500099182129,168.30001007080077,170.85001022338867,173.40001037597656,175.95001052856446,178.50001068115233,181.05001083374023,183.60001098632813,186.150011138916,188.7000112915039,191.2500114440918,193.8000115966797,196.35001174926757,198.90001190185546,201.45001205444336,204.00001220703126,206.55001235961913,209.10001251220703,211.65001266479493,214.2000128173828,216.7500129699707,219.3000131225586,221.8500132751465,224.40001342773436,226.95001358032226,229.50001373291016,232.05001388549803,234.60001403808593,237.15001419067383,239.70001434326173,242.2500144958496,244.8000146484375,247.3500148010254,249.90001495361327,252.45001510620116,255.00001525878906]}"
"22","{""values"":[6,2,6,11,12,20,37,79,134,183,274,411,577,760,1078,1370,1824,2334,2770,3574,4088,4771,5488,6083,6922,7535,7958,8772,9716,10280,11063,12268,13164,14196,15129,16101,16881,17780,17745,18244,18477,18554,18517,18212,18322,18083,18135,17898,17888,17916,17613,17649,17786,17817,17655,17739,17662,17921,17801,17876,18181,17985,18211,18557,18559,19062,19262,19600,19990,19967,20417,20586,20695,20177,20186,19348,18919,17890,16549,15016,13247,11707,9816,8375,6726,5354,4085,3219,2345,1665,1255,843,565,385,238,150,97,66,52,62],""_type"":""histogram"",""bins"":[0,2.5500001525878906,5.100000305175781,7.650000457763672,10.200000610351562,12.750000762939454,15.300000915527344,17.850001068115233,20.400001220703125,22.950001373291016,25.500001525878908,28.050001678466796,30.600001831054687,33.150001983642575,35.70000213623047,38.25000228881836,40.80000244140625,43.35000259399414,45.90000274658203,48.450002899169924,51.000003051757815,53.5500032043457,56.10000335693359,58.65000350952148,61.200003662109374,63.750003814697266,66.30000396728515,68.85000411987305,71.40000427246093,73.95000442504883,76.50000457763672,79.05000473022461,81.6000048828125,84.15000503540038,86.70000518798828,89.25000534057617,91.80000549316406,94.35000564575195,96.90000579833985,99.45000595092773,102.00000610351563,104.55000625610352,107.1000064086914,109.6500065612793,112.20000671386718,114.75000686645508,117.30000701904297,119.85000717163086,122.40000732421875,124.95000747680663,127.50000762939453,130.05000778198243,132.6000079345703,135.1500080871582,137.7000082397461,140.250008392334,142.80000854492187,145.35000869750976,147.90000885009766,150.45000900268553,153.00000915527343,155.55000930786133,158.10000946044923,160.6500096130371,163.200009765625,165.7500099182129,168.30001007080077,170.85001022338867,173.40001037597656,175.95001052856446,178.50001068115233,181.05001083374023,183.60001098632813,186.150011138916,188.7000112915039,191.2500114440918,193.8000115966797,196.35001174926757,198.90001190185546,201.45001205444336,204.00001220703126,206.55001235961913,209.10001251220703,211.65001266479493,214.2000128173828,216.7500129699707,219.3000131225586,221.8500132751465,224.40001342773436,226.95001358032226,229.50001373291016,232.05001388549803,234.60001403808593,237.15001419067383,239.70001434326173,242.2500144958496,244.8000146484375,247.3500148010254,249.90001495361327,252.45001510620116,255.00001525878906]}"
"27","{""_type"":""histogram"",""values"":[59,35,68,121,194,306,523,784,1195,1670,2480,3583,4842,6473,8668,10970,14094,16851,20119,23564,26700,30040,32607,34379,36360,37817,37919,37706,36650,36041,34029,32407,30473,28537,26938,25100,23887,22345,21362,20559,19588,18888,18142,17416,16374,15626,14910,14173,13238,12776,11785,11170,10685,10144,9687,9363,8820,8552,8225,7813,7503,6968,6288,5973,5343,4900,4268,3745,3326,2850,2338,1997,1635,1282,1044,840,686,469,368,273,212,141,102,60,46,28,16,15,10,7,4,4,2,1,0,0,0,0,1,1],""bins"":[0,1.6682942199707032,3.3365884399414063,5.004882659912109,6.673176879882813,8.341471099853516,10.009765319824218,11.678059539794923,13.346353759765625,15.014647979736328,16.682942199707032,18.351236419677736,20.019530639648437,21.68782485961914,23.356119079589845,25.024413299560546,26.69270751953125,28.361001739501955,30.029295959472655,31.69759017944336,33.365884399414064,35.03417861938477,36.70247283935547,38.37076705932617,40.039061279296874,41.70735549926758,43.37564971923828,45.04394393920899,46.71223815917969,48.38053237915039,50.04882659912109,51.7171208190918,53.3854150390625,55.053709259033205,56.72200347900391,58.390297698974614,60.05859191894531,61.726886138916015,63.39518035888672,65.06347457885742,66.73176879882813,68.40006301879883,70.06835723876954,71.73665145874024,73.40494567871094,75.07323989868163,76.74153411865234,78.40982833862304,80.07812255859375,81.74641677856445,83.41471099853516,85.08300521850586,86.75129943847656,88.41959365844727,90.08788787841797,91.75618209838868,93.42447631835938,95.09277053833009,96.76106475830078,98.42935897827148,100.09765319824218,101.76594741821289,103.4342416381836,105.1025358581543,106.770830078125,108.4391242980957,110.10741851806641,111.77571273803711,113.44400695800782,115.11230117797852,116.78059539794923,118.44888961791992,120.11718383789062,121.78547805786133,123.45377227783203,125.12206649780273,126.79036071777344,128.45865493774414,130.12694915771485,131.79524337768555,133.46353759765626,135.13183181762696,136.80012603759766,138.46842025756837,140.13671447753907,141.80500869750978,143.47330291748048,145.14159713745119,146.8098913574219,148.4781855773926,150.14647979736327,151.81477401733397,153.48306823730468,155.15136245727538,156.8196566772461,158.4879508972168,160.1562451171875,161.8245393371582,163.4928335571289,165.1611277770996,166.8294219970703]}"
"32","{""_type"":""histogram"",""values"":[45,67,133,249,477,896,1339,2016,2606,3722,5053,6202,7759,9286,10870,12023,13561,14607,15633,16402,17273,17404,18129,18398,18781,18974,19115,19588,19528,19455,19591,19582,19126,18995,18992,18711,19042,19342,19755,19991,20520,21314,21900,22332,22263,22809,22774,22936,22616,22546,22424,21538,21024,20317,19618,19004,17993,17157,16206,15462,14450,13555,12252,11202,9971,9057,8028,7215,6153,5404,4757,4139,3514,3043,2769,2385,2167,1914,1641,1468,1379,1184,1034,895,726,582,502,444,331,268,218,136,91,87,50,31,17,20,8,18],""bins"":[0,2.5500001525878906,5.100000305175781,7.650000457763672,10.200000610351562,12.750000762939454,15.300000915527344,17.850001068115233,20.400001220703125,22.950001373291016,25.500001525878908,28.050001678466796,30.600001831054687,33.150001983642575,35.70000213623047,38.25000228881836,40.80000244140625,43.35000259399414,45.90000274658203,48.450002899169924,51.000003051757815,53.5500032043457,56.10000335693359,58.65000350952148,61.200003662109374,63.750003814697266,66.30000396728515,68.85000411987305,71.40000427246093,73.95000442504883,76.50000457763672,79.05000473022461,81.6000048828125,84.15000503540038,86.70000518798828,89.25000534057617,91.80000549316406,94.35000564575195,96.90000579833985,99.45000595092773,102.00000610351563,104.55000625610352,107.1000064086914,109.6500065612793,112.20000671386718,114.75000686645508,117.30000701904297,119.85000717163086,122.40000732421875,124.95000747680663,127.50000762939453,130.05000778198243,132.6000079345703,135.1500080871582,137.7000082397461,140.250008392334,142.80000854492187,145.35000869750976,147.90000885009766,150.45000900268553,153.00000915527343,155.55000930786133,158.10000946044923,160.6500096130371,163.200009765625,165.7500099182129,168.30001007080077,170.85001022338867,173.40001037597656,175.95001052856446,178.50001068115233,181.05001083374023,183.60001098632813,186.150011138916,188.7000112915039,191.2500114440918,193.8000115966797,196.35001174926757,198.90001190185546,201.45001205444336,204.00001220703126,206.55001235961913,209.10001251220703,211.65001266479493,214.2000128173828,216.7500129699707,219.3000131225586,221.8500132751465,224.40001342773436,226.95001358032226,229.50001373291016,232.05001388549803,234.60001403808593,237.15001419067383,239.70001434326173,242.2500144958496,244.8000146484375,247.3500148010254,249.90001495361327,252.45001510620116,255.00001525878906]}"
"37","{""_type"":""histogram"",""values"":[66,86,211,372,792,1409,2407,3893,5881,8543,11772,14951,18088,21205,23465,25361,25846,26625,26758,26205,25652,25381,24747,24863,24538,24542,23966,23793,23101,22627,21738,21305,20383,19488,18621,18016,17148,16512,16230,15712,15675,15094,15507,15558,15516,15353,15237,15179,14849,14836,14241,13855,13463,13102,12500,11864,11133,10477,9938,9279,8583,8065,7461,6668,6283,5868,5417,5092,4637,4436,4189,3802,3784,3379,3230,2951,2817,2547,2281,2003,1804,1560,1429,1138,925,788,643,536,353,293,219,144,106,68,34,30,17,13,7,21],""bins"":[0,2.5500001525878906,5.100000305175781,7.650000457763672,10.200000610351562,12.750000762939454,15.300000915527344,17.850001068115233,20.400001220703125,22.950001373291016,25.500001525878908,28.050001678466796,30.600001831054687,33.150001983642575,35.70000213623047,38.25000228881836,40.80000244140625,43.35000259399414,45.90000274658203,48.450002899169924,51.000003051757815,53.5500032043457,56.10000335693359,58.65000350952148,61.200003662109374,63.750003814697266,66.30000396728515,68.85000411987305,71.40000427246093,73.95000442504883,76.50000457763672,79.05000473022461,81.6000048828125,84.15000503540038,86.70000518798828,89.25000534057617,91.80000549316406,94.35000564575195,96.90000579833985,99.45000595092773,102.00000610351563,104.55000625610352,107.1000064086914,109.6500065612793,112.20000671386718,114.75000686645508,117.30000701904297,119.85000717163086,122.40000732421875,124.95000747680663,127.50000762939453,130.05000778198243,132.6000079345703,135.1500080871582,137.7000082397461,140.250008392334,142.80000854492187,145.35000869750976,147.90000885009766,150.45000900268553,153.00000915527343,155.55000930786133,158.10000946044923,160.6500096130371,163.200009765625,165.7500099182129,168.30001007080077,170.85001022338867,173.40001037597656,175.95001052856446,178.50001068115233,181.05001083374023,183.60001098632813,186.150011138916,188.7000112915039,191.2500114440918,193.8000115966797,196.35001174926757,198.90001190185546,201.45001205444336,204.00001220703126,206.55001235961913,209.10001251220703,211.65001266479493,214.2000128173828,216.7500129699707,219.3000131225586,221.8500132751465,224.40001342773436,226.95001358032226,229.50001373291016,232.05001388549803,234.60001403808593,237.15001419067383,239.70001434326173,242.2500144958496,244.8000146484375,247.3500148010254,249.90001495361327,252.45001510620116,255.00001525878906]}"
"42","{""values"":[1,0,0,0,0,0,1,0,1,5,4,3,6,9,16,15,29,24,49,57,78,119,169,200,282,387,497,599,750,1002,1315,1645,1935,2444,3102,3808,4474,5357,6413,7767,9108,10195,11960,13731,15705,17744,20057,22220,24605,26748,29133,31138,33495,34795,36871,37988,39147,39940,39928,40277,39982,39232,38018,36400,34923,32921,30791,28383,25965,23811,21273,18633,16653,14634,12390,10563,8827,7572,6380,4981,4074,3325,2658,2071,1661,1258,966,753,563,376,316,218,163,136,108,59,53,29,23,86],""_type"":""histogram"",""bins"":[83.26956939697266,84.98687385559082,86.70417831420899,88.42148277282715,90.1387872314453,91.85609169006348,93.57339614868164,95.29070060729981,97.00800506591797,98.72530952453613,100.4426139831543,102.15991844177246,103.87722290039062,105.5945273590088,107.31183181762695,109.02913627624511,110.74644073486328,112.46374519348144,114.1810496520996,115.89835411071778,117.61565856933593,119.3329630279541,121.05026748657227,122.76757194519044,124.48487640380858,126.20218086242676,127.91948532104493,129.63678977966308,131.35409423828125,133.07139869689942,134.78870315551757,136.50600761413574,138.2233120727539,139.9406165313721,141.65792098999023,143.3752254486084,145.09252990722655,146.80983436584472,148.5271388244629,150.24444328308107,151.9617477416992,153.6790522003174,155.39635665893553,157.1136611175537,158.83096557617188,160.54827003479005,162.26557449340822,163.98287895202637,165.7001834106445,167.4174878692627,169.13479232788086,170.85209678649903,172.5694012451172,174.28670570373535,176.0040101623535,177.72131462097167,179.43861907958984,181.15592353820801,182.8732279968262,184.59053245544433,186.3078369140625,188.02514137268065,189.74244583129882,191.459750289917,193.17705474853517,194.89435920715331,196.6116636657715,198.32896812438963,200.0462725830078,201.76357704162598,203.48088150024415,205.19818595886233,206.91549041748047,208.63279487609861,210.3500993347168,212.06740379333496,213.78470825195313,215.50201271057128,217.21931716918945,218.93662162780763,220.65392608642577,222.37123054504394,224.08853500366212,225.80583946228026,227.52314392089843,229.2404483795166,230.95775283813475,232.67505729675293,234.3923617553711,236.10966621398924,237.82697067260742,239.5442751312256,241.26157958984376,242.9788840484619,244.69618850708008,246.41349296569825,248.1307974243164,249.84810188293457,251.56540634155274,253.2827108001709,255.00001525878906]}"
"47","{""_type"":""histogram"",""values"":[120,80,124,240,368,597,998,1568,2307,3394,4864,6621,8975,11619,14750,18265,21970,25786,29498,33003,36086,39743,42060,43782,45638,46377,46355,45235,44796,42726,40958,38698,36072,33575,30495,28031,25584,22577,20177,18065,15841,14240,12367,10994,9363,8127,7187,6064,5346,4591,4077,3551,2994,2641,2226,1880,1659,1452,1233,1062,947,851,772,712,662,687,666,687,773,807,798,870,856,900,927,894,890,823,842,758,637,567,495,391,334,267,210,143,116,69,63,29,28,12,9,5,3,1,2,1],""bins"":[0,2.5499998474121095,5.099999694824219,7.649999542236328,10.199999389648438,12.749999237060548,15.299999084472656,17.849998931884766,20.399998779296876,22.949998626708986,25.499998474121096,28.049998321533206,30.599998168945312,33.14999801635742,35.69999786376953,38.24999771118164,40.79999755859375,43.34999740600586,45.89999725341797,48.44999710083008,50.99999694824219,53.5499967956543,56.09999664306641,58.64999649047852,61.199996337890624,63.749996185302734,66.29999603271484,68.84999588012695,71.39999572753906,73.94999557495117,76.49999542236328,79.0499952697754,81.5999951171875,84.14999496459961,86.69999481201172,89.24999465942383,91.79999450683594,94.34999435424805,96.89999420166016,99.44999404907227,101.99999389648438,104.5499937438965,107.0999935913086,109.64999343872071,112.19999328613282,114.74999313354493,117.29999298095704,119.84999282836915,122.39999267578125,124.94999252319336,127.49999237060547,130.0499922180176,132.5999920654297,135.1499919128418,137.6999917602539,140.24999160766603,142.79999145507813,145.34999130249025,147.89999114990235,150.44999099731447,152.99999084472657,155.5499906921387,158.0999905395508,160.6499903869629,163.199990234375,165.7499900817871,168.29998992919923,170.84998977661132,173.39998962402345,175.94998947143554,178.49998931884767,181.04998916625976,183.5999890136719,186.14998886108398,188.6999887084961,191.2499885559082,193.79998840332033,196.34998825073242,198.89998809814455,201.44998794555664,203.99998779296877,206.54998764038086,209.099987487793,211.64998733520508,214.1999871826172,216.7499870300293,219.29998687744143,221.84998672485352,224.39998657226565,226.94998641967774,229.49998626708987,232.04998611450196,234.5999859619141,237.14998580932618,239.6999856567383,242.2499855041504,244.7999853515625,247.34998519897462,249.89998504638672,252.44998489379884,254.99998474121094]}"
"52","{""_type"":""histogram"",""values"":[80,50,83,125,204,297,480,742,1087,1560,2185,3010,4028,5106,6489,8137,9690,11493,13422,15276,17610,19565,21797,23975,26030,27914,29644,31219,33018,33787,33897,34492,34882,34501,34091,33573,32434,31231,29983,28407,26816,25249,23408,21852,20422,18843,17196,15667,14631,13461,12230,11213,10567,9837,8837,8385,7801,7313,6926,6362,5720,5641,5161,4749,4434,4106,3992,3646,3450,3238,3231,3131,3042,2891,2780,2704,2705,2493,2519,2389,2103,2051,1807,1762,1416,1183,987,758,597,403,308,220,126,96,59,23,21,7,6,11],""bins"":[0,2.5500003051757814,5.100000610351563,7.650000915527344,10.200001220703125,12.750001525878908,15.300001831054688,17.85000213623047,20.40000244140625,22.950002746582033,25.500003051757815,28.050003356933594,30.600003662109376,33.15000396728516,35.70000427246094,38.25000457763672,40.8000048828125,43.35000518798828,45.900005493164066,48.450005798339845,51.00000610351563,53.55000640869141,56.10000671386719,58.650007019042974,61.20000732421875,63.75000762939453,66.30000793457032,68.8500082397461,71.40000854492187,73.95000885009766,76.50000915527345,79.05000946044922,81.600009765625,84.15001007080079,86.70001037597656,89.25001068115235,91.80001098632813,94.3500112915039,96.90001159667969,99.45001190185548,102.00001220703126,104.55001251220703,107.10001281738282,109.6500131225586,112.20001342773438,114.75001373291016,117.30001403808595,119.85001434326172,122.4000146484375,124.95001495361329,127.50001525878906,130.05001556396485,132.60001586914063,135.15001617431642,137.7000164794922,140.25001678466796,142.80001708984375,145.35001739501953,147.90001770019532,150.4500180053711,153.0000183105469,155.55001861572265,158.10001892089844,160.65001922607422,163.20001953125,165.7500198364258,168.30002014160158,170.85002044677736,173.40002075195312,175.9500210571289,178.5000213623047,181.05002166748048,183.60002197265626,186.15002227783205,188.7000225830078,191.2500228881836,193.80002319335938,196.35002349853517,198.90002380371095,201.45002410888674,204.00002441406252,206.55002471923828,209.10002502441407,211.65002532958985,214.20002563476564,216.75002593994142,219.3000262451172,221.85002655029297,224.40002685546875,226.95002716064454,229.50002746582032,232.0500277709961,234.6000280761719,237.15002838134765,239.70002868652344,242.25002899169922,244.800029296875,247.3500296020508,249.90002990722658,252.45003021240237,255.00003051757812]}"
"57","{""_type"":""histogram"",""values"":[62,33,34,62,123,151,216,308,459,623,875,1135,1598,2144,2749,3481,4460,5506,6876,8243,10065,11758,13555,15393,17586,19559,21565,23322,25145,26471,27706,29178,29897,30489,30633,30289,30213,29370,28419,27997,26526,25163,23700,22288,21083,19534,18560,17120,15997,14707,13678,12968,12077,11275,10829,10330,10026,10001,9721,9609,9730,9986,9945,10189,10691,10691,10767,10710,10906,10824,10726,10299,9971,9680,9255,8490,7783,7159,6572,5749,5120,4231,3612,3040,2393,1826,1504,1099,838,566,412,294,212,119,84,65,39,21,15,23],""bins"":[0,2.5500001525878906,5.100000305175781,7.650000457763672,10.200000610351562,12.750000762939454,15.300000915527344,17.850001068115233,20.400001220703125,22.950001373291016,25.500001525878908,28.050001678466796,30.600001831054687,33.150001983642575,35.70000213623047,38.25000228881836,40.80000244140625,43.35000259399414,45.90000274658203,48.450002899169924,51.000003051757815,53.5500032043457,56.10000335693359,58.65000350952148,61.200003662109374,63.750003814697266,66.30000396728515,68.85000411987305,71.40000427246093,73.95000442504883,76.50000457763672,79.05000473022461,81.6000048828125,84.15000503540038,86.70000518798828,89.25000534057617,91.80000549316406,94.35000564575195,96.90000579833985,99.45000595092773,102.00000610351563,104.55000625610352,107.1000064086914,109.6500065612793,112.20000671386718,114.75000686645508,117.30000701904297,119.85000717163086,122.40000732421875,124.95000747680663,127.50000762939453,130.05000778198243,132.6000079345703,135.1500080871582,137.7000082397461,140.250008392334,142.80000854492187,145.35000869750976,147.90000885009766,150.45000900268553,153.00000915527343,155.55000930786133,158.10000946044923,160.6500096130371,163.200009765625,165.7500099182129,168.30001007080077,170.85001022338867,173.40001037597656,175.95001052856446,178.50001068115233,181.05001083374023,183.60001098632813,186.150011138916,188.7000112915039,191.2500114440918,193.8000115966797,196.35001174926757,198.90001190185546,201.45001205444336,204.00001220703126,206.55001235961913,209.10001251220703,211.65001266479493,214.2000128173828,216.7500129699707,219.3000131225586,221.8500132751465,224.40001342773436,226.95001358032226,229.50001373291016,232.05001388549803,234.60001403808593,237.15001419067383,239.70001434326173,242.2500144958496,244.8000146484375,247.3500148010254,249.90001495361327,252.45001510620116,255.00001525878906]}"
"62","{""_type"":""histogram"",""values"":[23,18,28,46,83,167,223,388,633,946,1398,1867,2538,3303,4236,5117,6063,7299,8109,9316,10346,11274,12460,13476,14248,15039,15854,16351,16519,16614,16686,16499,15755,15427,14984,14353,13870,13400,12815,11965,11890,11559,11566,11168,11316,11269,11471,11574,11583,11594,11664,11683,11936,12163,12325,12423,12611,12882,12856,13226,13491,13692,13965,14266,14524,15311,15907,16504,17454,18483,19250,20051,21281,21867,22677,22651,22511,22169,21588,19813,18272,16465,14367,12210,10016,8191,6419,4913,3675,2531,1896,1246,866,579,355,234,158,101,56,76],""bins"":[0,2.5500001525878906,5.100000305175781,7.650000457763672,10.200000610351562,12.750000762939454,15.300000915527344,17.850001068115233,20.400001220703125,22.950001373291016,25.500001525878908,28.050001678466796,30.600001831054687,33.150001983642575,35.70000213623047,38.25000228881836,40.80000244140625,43.35000259399414,45.90000274658203,48.450002899169924,51.000003051757815,53.5500032043457,56.10000335693359,58.65000350952148,61.200003662109374,63.750003814697266,66.30000396728515,68.85000411987305,71.40000427246093,73.95000442504883,76.50000457763672,79.05000473022461,81.6000048828125,84.15000503540038,86.70000518798828,89.25000534057617,91.80000549316406,94.35000564575195,96.90000579833985,99.45000595092773,102.00000610351563,104.55000625610352,107.1000064086914,109.6500065612793,112.20000671386718,114.75000686645508,117.30000701904297,119.85000717163086,122.40000732421875,124.95000747680663,127.50000762939453,130.05000778198243,132.6000079345703,135.1500080871582,137.7000082397461,140.250008392334,142.80000854492187,145.35000869750976,147.90000885009766,150.45000900268553,153.00000915527343,155.55000930786133,158.10000946044923,160.6500096130371,163.200009765625,165.7500099182129,168.30001007080077,170.85001022338867,173.40001037597656,175.95001052856446,178.50001068115233,181.05001083374023,183.60001098632813,186.150011138916,188.7000112915039,191.2500114440918,193.8000115966797,196.35001174926757,198.90001190185546,201.45001205444336,204.00001220703126,206.55001235961913,209.10001251220703,211.65001266479493,214.2000128173828,216.7500129699707,219.3000131225586,221.8500132751465,224.40001342773436,226.95001358032226,229.50001373291016,232.05001388549803,234.60001403808593,237.15001419067383,239.70001434326173,242.2500144958496,244.8000146484375,247.3500148010254,249.90001495361327,252.45001510620116,255.00001525878906]}"
"67","{""_type"":""histogram"",""values"":[90,61,110,192,288,498,777,1180,1663,2465,3473,4740,6129,7976,10041,12541,14887,17396,20235,23010,25819,28072,30742,32791,34403,35558,36556,36671,36978,36545,35772,34586,33417,32264,30302,28724,27224,25440,23837,22142,20711,19286,17895,16753,15690,14251,13147,12155,11022,10316,9282,8727,7858,7420,7022,6716,6541,6106,5791,5800,5464,5174,4944,4810,4573,4140,3899,3678,3381,3325,3083,2908,2673,2623,2278,2216,1995,1767,1555,1365,1075,932,741,562,375,306,230,136,85,67,40,28,22,16,7,7,2,4,0,6],""bins"":[0,2.55,5.1,7.6499999999999995,10.2,12.75,15.299999999999999,17.849999999999998,20.4,22.95,25.5,28.049999999999997,30.599999999999998,33.15,35.699999999999996,38.25,40.8,43.349999999999994,45.9,48.449999999999996,51,53.55,56.099999999999994,58.65,61.199999999999996,63.74999999999999,66.3,68.85,71.39999999999999,73.94999999999999,76.5,79.05,81.6,84.14999999999999,86.69999999999999,89.25,91.8,94.35,96.89999999999999,99.44999999999999,102,104.55,107.1,109.64999999999999,112.19999999999999,114.74999999999999,117.3,119.85,122.39999999999999,124.94999999999999,127.49999999999999,130.04999999999998,132.6,135.14999999999998,137.7,140.25,142.79999999999998,145.35,147.89999999999998,150.45,153,155.54999999999998,158.1,160.64999999999998,163.2,165.75,168.29999999999998,170.85,173.39999999999998,175.95,178.5,181.04999999999998,183.6,186.14999999999998,188.7,191.25,193.79999999999998,196.35,198.89999999999998,201.45,204,206.54999999999998,209.1,211.64999999999998,214.2,216.74999999999997,219.29999999999998,221.85,224.39999999999998,226.95,229.49999999999997,232.04999999999998,234.6,237.14999999999998,239.7,242.24999999999997,244.79999999999998,247.35,249.89999999999998,252.45,254.99999999999997]}"
"72","{""_type"":""histogram"",""values"":[3,5,4,12,29,26,64,75,125,164,280,340,463,616,856,1124,1345,1711,2086,2451,2875,3195,3624,4016,4469,4749,4942,5340,5511,5859,5898,6191,6287,6764,6923,7116,7242,7648,7993,8161,8645,8724,9319,9418,9637,10038,10689,10984,11828,12284,13380,14212,15285,16469,17827,19118,20753,22390,23999,25587,27545,28506,29889,31576,32799,33699,34583,35197,35180,34372,33830,33008,31319,29250,26950,24787,21959,19597,16915,14538,12191,10030,7971,6273,4982,3946,2989,2218,1601,1146,813,551,379,267,194,119,80,53,31,75],""bins"":[0,2.5500001525878906,5.100000305175781,7.650000457763672,10.200000610351562,12.750000762939454,15.300000915527344,17.850001068115233,20.400001220703125,22.950001373291016,25.500001525878908,28.050001678466796,30.600001831054687,33.150001983642575,35.70000213623047,38.25000228881836,40.80000244140625,43.35000259399414,45.90000274658203,48.450002899169924,51.000003051757815,53.5500032043457,56.10000335693359,58.65000350952148,61.200003662109374,63.750003814697266,66.30000396728515,68.85000411987305,71.40000427246093,73.95000442504883,76.50000457763672,79.05000473022461,81.6000048828125,84.15000503540038,86.70000518798828,89.25000534057617,91.80000549316406,94.35000564575195,96.90000579833985,99.45000595092773,102.00000610351563,104.55000625610352,107.1000064086914,109.6500065612793,112.20000671386718,114.75000686645508,117.30000701904297,119.85000717163086,122.40000732421875,124.95000747680663,127.50000762939453,130.05000778198243,132.6000079345703,135.1500080871582,137.7000082397461,140.250008392334,142.80000854492187,145.35000869750976,147.90000885009766,150.45000900268553,153.00000915527343,155.55000930786133,158.10000946044923,160.6500096130371,163.200009765625,165.7500099182129,168.30001007080077,170.85001022338867,173.40001037597656,175.95001052856446,178.50001068115233,181.05001083374023,183.60001098632813,186.150011138916,188.7000112915039,191.2500114440918,193.8000115966797,196.35001174926757,198.90001190185546,201.45001205444336,204.00001220703126,206.55001235961913,209.10001251220703,211.65001266479493,214.2000128173828,216.7500129699707,219.3000131225586,221.8500132751465,224.40001342773436,226.95001358032226,229.50001373291016,232.05001388549803,234.60001403808593,237.15001419067383,239.70001434326173,242.2500144958496,244.8000146484375,247.3500148010254,249.90001495361327,252.45001510620116,255.00001525878906]}"
"77","{""_type"":""histogram"",""values"":[56,51,72,129,199,293,474,648,997,1488,1967,2621,3407,4357,5512,6765,8084,9601,11169,12733,14603,16320,18096,19578,21061,22264,23341,24060,24513,24459,24537,24216,23510,23076,21968,21314,20042,18897,18025,16918,16110,15056,13885,13048,12114,11478,10987,10357,9975,9602,9542,9462,9558,9642,9925,10261,10751,11214,11669,12120,12818,13125,13881,14381,14666,15285,15422,15818,16069,16112,16136,15666,15438,14827,14319,13752,12951,11956,11092,9963,8710,7655,6529,5447,4467,3655,2777,2157,1677,1180,807,591,397,241,169,124,65,22,18,34],""bins"":[0,2.5500001525878906,5.100000305175781,7.650000457763672,10.200000610351562,12.750000762939454,15.300000915527344,17.850001068115233,20.400001220703125,22.950001373291016,25.500001525878908,28.050001678466796,30.600001831054687,33.150001983642575,35.70000213623047,38.25000228881836,40.80000244140625,43.35000259399414,45.90000274658203,48.450002899169924,51.000003051757815,53.5500032043457,56.10000335693359,58.65000350952148,61.200003662109374,63.750003814697266,66.30000396728515,68.85000411987305,71.40000427246093,73.95000442504883,76.50000457763672,79.05000473022461,81.6000048828125,84.15000503540038,86.70000518798828,89.25000534057617,91.80000549316406,94.35000564575195,96.90000579833985,99.45000595092773,102.00000610351563,104.55000625610352,107.1000064086914,109.6500065612793,112.20000671386718,114.75000686645508,117.30000701904297,119.85000717163086,122.40000732421875,124.95000747680663,127.50000762939453,130.05000778198243,132.6000079345703,135.1500080871582,137.7000082397461,140.250008392334,142.80000854492187,145.35000869750976,147.90000885009766,150.45000900268553,153.00000915527343,155.55000930786133,158.10000946044923,160.6500096130371,163.200009765625,165.7500099182129,168.30001007080077,170.85001022338867,173.40001037597656,175.95001052856446,178.50001068115233,181.05001083374023,183.60001098632813,186.150011138916,188.7000112915039,191.2500114440918,193.8000115966797,196.35001174926757,198.90001190185546,201.45001205444336,204.00001220703126,206.55001235961913,209.10001251220703,211.65001266479493,214.2000128173828,216.7500129699707,219.3000131225586,221.8500132751465,224.40001342773436,226.95001358032226,229.50001373291016,232.05001388549803,234.60001403808593,237.15001419067383,239.70001434326173,242.2500144958496,244.8000146484375,247.3500148010254,249.90001495361327,252.45001510620116,255.00001525878906]}"
"82","{""_type"":""histogram"",""values"":[36,29,72,118,177,315,441,695,1057,1468,2080,2874,3702,4791,5920,7058,8230,9513,10651,11985,13208,14196,15164,16198,16743,17404,18216,18397,18742,18887,18901,18734,18646,18374,18055,17576,17020,16574,16122,15503,15037,14522,13936,13414,13169,12684,12387,11962,11683,11428,11554,11480,11423,11954,12398,12675,13536,13993,14902,15845,16579,17541,18546,19364,19808,20501,20686,21011,20592,20605,20029,19166,18061,17238,15713,14205,12783,11115,9948,8336,7087,5767,4549,3749,2959,2216,1747,1341,1025,702,541,353,264,188,146,80,55,43,30,53],""bins"":[0,2.5500001525878906,5.100000305175781,7.650000457763672,10.200000610351562,12.750000762939454,15.300000915527344,17.850001068115233,20.400001220703125,22.950001373291016,25.500001525878908,28.050001678466796,30.600001831054687,33.150001983642575,35.70000213623047,38.25000228881836,40.80000244140625,43.35000259399414,45.90000274658203,48.450002899169924,51.000003051757815,53.5500032043457,56.10000335693359,58.65000350952148,61.200003662109374,63.750003814697266,66.30000396728515,68.85000411987305,71.40000427246093,73.95000442504883,76.50000457763672,79.05000473022461,81.6000048828125,84.15000503540038,86.70000518798828,89.25000534057617,91.80000549316406,94.35000564575195,96.90000579833985,99.45000595092773,102.00000610351563,104.55000625610352,107.1000064086914,109.6500065612793,112.20000671386718,114.75000686645508,117.30000701904297,119.85000717163086,122.40000732421875,124.95000747680663,127.50000762939453,130.05000778198243,132.6000079345703,135.1500080871582,137.7000082397461,140.250008392334,142.80000854492187,145.35000869750976,147.90000885009766,150.45000900268553,153.00000915527343,155.55000930786133,158.10000946044923,160.6500096130371,163.200009765625,165.7500099182129,168.30001007080077,170.85001022338867,173.40001037597656,175.95001052856446,178.50001068115233,181.05001083374023,183.60001098632813,186.150011138916,188.7000112915039,191.2500114440918,193.8000115966797,196.35001174926757,198.90001190185546,201.45001205444336,204.00001220703126,206.55001235961913,209.10001251220703,211.65001266479493,214.2000128173828,216.7500129699707,219.3000131225586,221.8500132751465,224.40001342773436,226.95001358032226,229.50001373291016,232.05001388549803,234.60001403808593,237.15001419067383,239.70001434326173,242.2500144958496,244.8000146484375,247.3500148010254,249.90001495361327,252.45001510620116,255.00001525878906]}"
"87","{""values"":[53,28,38,128,174,324,521,867,1271,2051,2940,4185,5560,7568,9656,11954,14627,16917,19313,21329,22782,24230,24729,24807,24369,23677,22908,21309,19660,18483,16674,15283,14549,13048,12253,11501,11006,10889,10739,10824,10508,10801,10856,11069,11114,10859,10917,10760,10222,10095,9762,9558,9352,9183,9291,9714,10085,10518,11251,11819,12913,13903,14876,15498,16550,17639,18151,18882,19564,19503,19760,19396,19013,18396,17521,16166,14806,13351,11819,10279,8547,7330,5772,4683,3604,2720,2014,1482,1122,752,525,363,241,159,109,61,54,31,23,40],""_type"":""histogram"",""bins"":[0,2.5500001525878906,5.100000305175781,7.650000457763672,10.200000610351562,12.750000762939454,15.300000915527344,17.850001068115233,20.400001220703125,22.950001373291016,25.500001525878908,28.050001678466796,30.600001831054687,33.150001983642575,35.70000213623047,38.25000228881836,40.80000244140625,43.35000259399414,45.90000274658203,48.450002899169924,51.000003051757815,53.5500032043457,56.10000335693359,58.65000350952148,61.200003662109374,63.750003814697266,66.30000396728515,68.85000411987305,71.40000427246093,73.95000442504883,76.50000457763672,79.05000473022461,81.6000048828125,84.15000503540038,86.70000518798828,89.25000534057617,91.80000549316406,94.35000564575195,96.90000579833985,99.45000595092773,102.00000610351563,104.55000625610352,107.1000064086914,109.6500065612793,112.20000671386718,114.75000686645508,117.30000701904297,119.85000717163086,122.40000732421875,124.95000747680663,127.50000762939453,130.05000778198243,132.6000079345703,135.1500080871582,137.7000082397461,140.250008392334,142.80000854492187,145.35000869750976,147.90000885009766,150.45000900268553,153.00000915527343,155.55000930786133,158.10000946044923,160.6500096130371,163.200009765625,165.7500099182129,168.30001007080077,170.85001022338867,173.40001037597656,175.95001052856446,178.50001068115233,181.05001083374023,183.60001098632813,186.150011138916,188.7000112915039,191.2500114440918,193.8000115966797,196.35001174926757,198.90001190185546,201.45001205444336,204.00001220703126,206.55001235961913,209.10001251220703,211.65001266479493,214.2000128173828,216.7500129699707,219.3000131225586,221.8500132751465,224.40001342773436,226.95001358032226,229.50001373291016,232.05001388549803,234.60001403808593,237.15001419067383,239.70001434326173,242.2500144958496,244.8000146484375,247.3500148010254,249.90001495361327,252.45001510620116,255.00001525878906]}"
"92","{""values"":[6,2,0,4,8,16,20,30,54,82,103,144,195,275,359,467,667,790,970,1241,1411,1703,2072,2383,2749,3046,3459,3893,4323,4616,4924,5266,5261,5625,5702,5860,5911,6007,6053,5965,6434,6448,6875,7329,8001,8184,8933,9507,10028,10706,11193,11927,12448,13429,14333,15278,16747,18274,19623,21318,23242,25248,27054,29166,30983,32432,34621,36182,36467,37453,37410,37238,36862,35215,34245,31620,29705,27133,24314,20996,18044,15757,13009,10569,8650,6812,5350,4095,2963,2212,1550,1124,800,500,335,224,121,71,48,79],""_type"":""histogram"",""bins"":[0,2.5500001525878906,5.100000305175781,7.650000457763672,10.200000610351562,12.750000762939454,15.300000915527344,17.850001068115233,20.400001220703125,22.950001373291016,25.500001525878908,28.050001678466796,30.600001831054687,33.150001983642575,35.70000213623047,38.25000228881836,40.80000244140625,43.35000259399414,45.90000274658203,48.450002899169924,51.000003051757815,53.5500032043457,56.10000335693359,58.65000350952148,61.200003662109374,63.750003814697266,66.30000396728515,68.85000411987305,71.40000427246093,73.95000442504883,76.50000457763672,79.05000473022461,81.6000048828125,84.15000503540038,86.70000518798828,89.25000534057617,91.80000549316406,94.35000564575195,96.90000579833985,99.45000595092773,102.00000610351563,104.55000625610352,107.1000064086914,109.6500065612793,112.20000671386718,114.75000686645508,117.30000701904297,119.85000717163086,122.40000732421875,124.95000747680663,127.50000762939453,130.05000778198243,132.6000079345703,135.1500080871582,137.7000082397461,140.250008392334,142.80000854492187,145.35000869750976,147.90000885009766,150.45000900268553,153.00000915527343,155.55000930786133,158.10000946044923,160.6500096130371,163.200009765625,165.7500099182129,168.30001007080077,170.85001022338867,173.40001037597656,175.95001052856446,178.50001068115233,181.05001083374023,183.60001098632813,186.150011138916,188.7000112915039,191.2500114440918,193.8000115966797,196.35001174926757,198.90001190185546,201.45001205444336,204.00001220703126,206.55001235961913,209.10001251220703,211.65001266479493,214.2000128173828,216.7500129699707,219.3000131225586,221.8500132751465,224.40001342773436,226.95001358032226,229.50001373291016,232.05001388549803,234.60001403808593,237.15001419067383,239.70001434326173,242.2500144958496,244.8000146484375,247.3500148010254,249.90001495361327,252.45001510620116,255.00001525878906]}"
"97","{""_type"":""histogram"",""values"":[68,45,96,138,248,416,623,993,1439,2291,3157,4252,5669,7084,8790,10777,12883,15150,17219,20080,22669,24912,27161,29625,31560,33071,34356,34955,35087,34292,33568,32578,30512,29050,27015,25032,23287,21646,20183,18793,17220,16023,14621,13759,12941,12092,11528,10851,10524,10172,10049,9854,9730,9794,9531,9689,9548,9272,9153,8897,8512,8390,8267,7832,7709,7430,7265,7217,7073,6744,6561,6510,6243,5952,5548,5263,4790,4194,3829,3304,2844,2324,2015,1560,1254,1002,756,563,475,343,235,153,130,85,46,49,28,25,14,24],""bins"":[0,2.5500001525878906,5.100000305175781,7.650000457763672,10.200000610351562,12.750000762939454,15.300000915527344,17.850001068115233,20.400001220703125,22.950001373291016,25.500001525878908,28.050001678466796,30.600001831054687,33.150001983642575,35.70000213623047,38.25000228881836,40.80000244140625,43.35000259399414,45.90000274658203,48.450002899169924,51.000003051757815,53.5500032043457,56.10000335693359,58.65000350952148,61.200003662109374,63.750003814697266,66.30000396728515,68.85000411987305,71.40000427246093,73.95000442504883,76.50000457763672,79.05000473022461,81.6000048828125,84.15000503540038,86.70000518798828,89.25000534057617,91.80000549316406,94.35000564575195,96.90000579833985,99.45000595092773,102.00000610351563,104.55000625610352,107.1000064086914,109.6500065612793,112.20000671386718,114.75000686645508,117.30000701904297,119.85000717163086,122.40000732421875,124.95000747680663,127.50000762939453,130.05000778198243,132.6000079345703,135.1500080871582,137.7000082397461,140.250008392334,142.80000854492187,145.35000869750976,147.90000885009766,150.45000900268553,153.00000915527343,155.55000930786133,158.10000946044923,160.6500096130371,163.200009765625,165.7500099182129,168.30001007080077,170.85001022338867,173.40001037597656,175.95001052856446,178.50001068115233,181.05001083374023,183.60001098632813,186.150011138916,188.7000112915039,191.2500114440918,193.8000115966797,196.35001174926757,198.90001190185546,201.45001205444336,204.00001220703126,206.55001235961913,209.10001251220703,211.65001266479493,214.2000128173828,216.7500129699707,219.3000131225586,221.8500132751465,224.40001342773436,226.95001358032226,229.50001373291016,232.05001388549803,234.60001403808593,237.15001419067383,239.70001434326173,242.2500144958496,244.8000146484375,247.3500148010254,249.90001495361327,252.45001510620116,255.00001525878906]}"
"102","{""values"":[50,51,91,135,253,402,648,966,1380,1912,2651,3661,4801,6089,7648,9049,10701,12052,14154,15104,16315,17660,18654,19549,20343,21053,21663,21820,22251,22173,22207,21900,21800,21380,21300,20673,19771,19204,18318,17221,16709,15930,15011,14586,14126,13473,13050,12755,12416,12213,11815,11982,12135,12156,12302,12076,12370,12536,12709,12806,12837,13282,13571,14042,14308,14649,14976,15287,15108,14983,14996,14425,13894,13459,12506,11598,10565,9404,8355,6993,6208,4981,4044,3534,2586,2005,1592,1208,902,653,467,311,209,150,88,66,43,31,19,32],""_type"":""histogram"",""bins"":[0,2.5500001525878906,5.100000305175781,7.650000457763672,10.200000610351562,12.750000762939454,15.300000915527344,17.850001068115233,20.400001220703125,22.950001373291016,25.500001525878908,28.050001678466796,30.600001831054687,33.150001983642575,35.70000213623047,38.25000228881836,40.80000244140625,43.35000259399414,45.90000274658203,48.450002899169924,51.000003051757815,53.5500032043457,56.10000335693359,58.65000350952148,61.200003662109374,63.750003814697266,66.30000396728515,68.85000411987305,71.40000427246093,73.95000442504883,76.50000457763672,79.05000473022461,81.6000048828125,84.15000503540038,86.70000518798828,89.25000534057617,91.80000549316406,94.35000564575195,96.90000579833985,99.45000595092773,102.00000610351563,104.55000625610352,107.1000064086914,109.6500065612793,112.20000671386718,114.75000686645508,117.30000701904297,119.85000717163086,122.40000732421875,124.95000747680663,127.50000762939453,130.05000778198243,132.6000079345703,135.1500080871582,137.7000082397461,140.250008392334,142.80000854492187,145.35000869750976,147.90000885009766,150.45000900268553,153.00000915527343,155.55000930786133,158.10000946044923,160.6500096130371,163.200009765625,165.7500099182129,168.30001007080077,170.85001022338867,173.40001037597656,175.95001052856446,178.50001068115233,181.05001083374023,183.60001098632813,186.150011138916,188.7000112915039,191.2500114440918,193.8000115966797,196.35001174926757,198.90001190185546,201.45001205444336,204.00001220703126,206.55001235961913,209.10001251220703,211.65001266479493,214.2000128173828,216.7500129699707,219.3000131225586,221.8500132751465,224.40001342773436,226.95001358032226,229.50001373291016,232.05001388549803,234.60001403808593,237.15001419067383,239.70001434326173,242.2500144958496,244.8000146484375,247.3500148010254,249.90001495361327,252.45001510620116,255.00001525878906]}"
"107","{""values"":[58,36,76,130,210,326,460,701,1059,1598,2169,2977,3965,5218,6600,8099,9678,11401,13209,15337,17080,19065,20792,22610,24374,25947,27057,28347,29123,28976,29416,28736,28158,27320,26292,24723,23586,22171,20810,18840,17555,16243,15325,14058,13208,12548,11928,11680,11286,10914,10942,10953,11149,11359,11349,11433,11631,11661,11947,12337,12034,12227,12069,11962,12026,11769,11571,11198,10827,10548,10280,9902,9301,8873,8559,7977,7459,6741,6053,5332,4779,4093,3525,2959,2453,2050,1511,1178,867,641,502,335,246,190,119,88,30,32,11,23],""_type"":""histogram"",""bins"":[0,2.5500003051757814,5.100000610351563,7.650000915527344,10.200001220703125,12.750001525878908,15.300001831054688,17.85000213623047,20.40000244140625,22.950002746582033,25.500003051757815,28.050003356933594,30.600003662109376,33.15000396728516,35.70000427246094,38.25000457763672,40.8000048828125,43.35000518798828,45.900005493164066,48.450005798339845,51.00000610351563,53.55000640869141,56.10000671386719,58.650007019042974,61.20000732421875,63.75000762939453,66.30000793457032,68.8500082397461,71.40000854492187,73.95000885009766,76.50000915527345,79.05000946044922,81.600009765625,84.15001007080079,86.70001037597656,89.25001068115235,91.80001098632813,94.3500112915039,96.90001159667969,99.45001190185548,102.00001220703126,104.55001251220703,107.10001281738282,109.6500131225586,112.20001342773438,114.75001373291016,117.30001403808595,119.85001434326172,122.4000146484375,124.95001495361329,127.50001525878906,130.05001556396485,132.60001586914063,135.15001617431642,137.7000164794922,140.25001678466796,142.80001708984375,145.35001739501953,147.90001770019532,150.4500180053711,153.0000183105469,155.55001861572265,158.10001892089844,160.65001922607422,163.20001953125,165.7500198364258,168.30002014160158,170.85002044677736,173.40002075195312,175.9500210571289,178.5000213623047,181.05002166748048,183.60002197265626,186.15002227783205,188.7000225830078,191.2500228881836,193.80002319335938,196.35002349853517,198.90002380371095,201.45002410888674,204.00002441406252,206.55002471923828,209.10002502441407,211.65002532958985,214.20002563476564,216.75002593994142,219.3000262451172,221.85002655029297,224.40002685546875,226.95002716064454,229.50002746582032,232.0500277709961,234.6000280761719,237.15002838134765,239.70002868652344,242.25002899169922,244.800029296875,247.3500296020508,249.90002990722658,252.45003021240237,255.00003051757812]}"
"112","{""values"":[31,14,27,52,69,113,205,298,524,739,1068,1344,1928,2609,3219,4228,5273,6452,7765,9192,10718,12229,13748,15360,16548,17763,18348,18953,19038,18855,18428,17910,16908,16211,15167,14480,13619,12725,12233,11755,11147,10887,10793,10731,10682,10859,10923,11244,11254,11558,11966,12206,12724,12832,13613,14324,14721,15340,16065,16788,17718,18593,19250,20086,20527,21709,21950,22261,22828,22964,22585,22015,21825,20880,19455,18460,16745,15153,13525,11881,10234,8657,7233,5906,4757,3786,2931,2137,1682,1255,884,616,433,304,195,113,96,57,35,52],""_type"":""histogram"",""bins"":[0,2.5500001525878906,5.100000305175781,7.650000457763672,10.200000610351562,12.750000762939454,15.300000915527344,17.850001068115233,20.400001220703125,22.950001373291016,25.500001525878908,28.050001678466796,30.600001831054687,33.150001983642575,35.70000213623047,38.25000228881836,40.80000244140625,43.35000259399414,45.90000274658203,48.450002899169924,51.000003051757815,53.5500032043457,56.10000335693359,58.65000350952148,61.200003662109374,63.750003814697266,66.30000396728515,68.85000411987305,71.40000427246093,73.95000442504883,76.50000457763672,79.05000473022461,81.6000048828125,84.15000503540038,86.70000518798828,89.25000534057617,91.80000549316406,94.35000564575195,96.90000579833985,99.45000595092773,102.00000610351563,104.55000625610352,107.1000064086914,109.6500065612793,112.20000671386718,114.75000686645508,117.30000701904297,119.85000717163086,122.40000732421875,124.95000747680663,127.50000762939453,130.05000778198243,132.6000079345703,135.1500080871582,137.7000082397461,140.250008392334,142.80000854492187,145.35000869750976,147.90000885009766,150.45000900268553,153.00000915527343,155.55000930786133,158.10000946044923,160.6500096130371,163.200009765625,165.7500099182129,168.30001007080077,170.85001022338867,173.40001037597656,175.95001052856446,178.50001068115233,181.05001083374023,183.60001098632813,186.150011138916,188.7000112915039,191.2500114440918,193.8000115966797,196.35001174926757,198.90001190185546,201.45001205444336,204.00001220703126,206.55001235961913,209.10001251220703,211.65001266479493,214.2000128173828,216.7500129699707,219.3000131225586,221.8500132751465,224.40001342773436,226.95001358032226,229.50001373291016,232.05001388549803,234.60001403808593,237.15001419067383,239.70001434326173,242.2500144958496,244.8000146484375,247.3500148010254,249.90001495361327,252.45001510620116,255.00001525878906]}"
"117","{""values"":[73,38,72,144,278,374,670,990,1520,2073,2869,3993,5103,6625,8042,9785,11617,13407,15510,17664,19403,21126,22741,24146,25198,26122,26487,26611,26471,26657,25626,24997,24158,23294,22300,21099,19954,19266,18430,17701,16589,15941,15066,15016,14429,13974,13654,13656,13283,12955,12785,12556,12346,12210,11856,11636,11159,10677,10558,10107,9724,9416,9204,9084,9089,9014,9190,9329,9403,9393,9569,9490,9800,9707,9478,9404,9312,8816,8520,7948,7116,6529,5679,4788,4005,3203,2462,1992,1434,1028,784,533,372,255,163,100,61,40,29,26],""_type"":""histogram"",""bins"":[0,2.55,5.1,7.6499999999999995,10.2,12.75,15.299999999999999,17.849999999999998,20.4,22.95,25.5,28.049999999999997,30.599999999999998,33.15,35.699999999999996,38.25,40.8,43.349999999999994,45.9,48.449999999999996,51,53.55,56.099999999999994,58.65,61.199999999999996,63.74999999999999,66.3,68.85,71.39999999999999,73.94999999999999,76.5,79.05,81.6,84.14999999999999,86.69999999999999,89.25,91.8,94.35,96.89999999999999,99.44999999999999,102,104.55,107.1,109.64999999999999,112.19999999999999,114.74999999999999,117.3,119.85,122.39999999999999,124.94999999999999,127.49999999999999,130.04999999999998,132.6,135.14999999999998,137.7,140.25,142.79999999999998,145.35,147.89999999999998,150.45,153,155.54999999999998,158.1,160.64999999999998,163.2,165.75,168.29999999999998,170.85,173.39999999999998,175.95,178.5,181.04999999999998,183.6,186.14999999999998,188.7,191.25,193.79999999999998,196.35,198.89999999999998,201.45,204,206.54999999999998,209.1,211.64999999999998,214.2,216.74999999999997,219.29999999999998,221.85,224.39999999999998,226.95,229.49999999999997,232.04999999999998,234.6,237.14999999999998,239.7,242.24999999999997,244.79999999999998,247.35,249.89999999999998,252.45,254.99999999999997]}"
"122","{""_type"":""histogram"",""values"":[65,58,90,133,206,259,480,659,1016,1402,1938,2717,3465,4477,5745,7060,8490,9905,11554,13219,14786,16055,17249,18422,19577,20165,21214,21538,21984,22432,22055,22052,21512,21292,20830,20202,20154,19466,18796,18951,18222,18031,17456,17313,16648,16421,16033,15486,14888,14375,14270,14215,14106,13805,13762,13593,13410,13489,13172,13152,13325,12823,12681,12308,12308,11991,11973,11726,11729,11675,11778,12001,12045,12011,11853,11894,11392,10703,10072,9205,8128,6984,5762,4728,3710,2920,2120,1568,1171,846,555,385,254,149,108,62,41,33,17,25],""bins"":[0,2.5500001525878906,5.100000305175781,7.650000457763672,10.200000610351562,12.750000762939454,15.300000915527344,17.850001068115233,20.400001220703125,22.950001373291016,25.500001525878908,28.050001678466796,30.600001831054687,33.150001983642575,35.70000213623047,38.25000228881836,40.80000244140625,43.35000259399414,45.90000274658203,48.450002899169924,51.000003051757815,53.5500032043457,56.10000335693359,58.65000350952148,61.200003662109374,63.750003814697266,66.30000396728515,68.85000411987305,71.40000427246093,73.95000442504883,76.50000457763672,79.05000473022461,81.6000048828125,84.15000503540038,86.70000518798828,89.25000534057617,91.80000549316406,94.35000564575195,96.90000579833985,99.45000595092773,102.00000610351563,104.55000625610352,107.1000064086914,109.6500065612793,112.20000671386718,114.75000686645508,117.30000701904297,119.85000717163086,122.40000732421875,124.95000747680663,127.50000762939453,130.05000778198243,132.6000079345703,135.1500080871582,137.7000082397461,140.250008392334,142.80000854492187,145.35000869750976,147.90000885009766,150.45000900268553,153.00000915527343,155.55000930786133,158.10000946044923,160.6500096130371,163.200009765625,165.7500099182129,168.30001007080077,170.85001022338867,173.40001037597656,175.95001052856446,178.50001068115233,181.05001083374023,183.60001098632813,186.150011138916,188.7000112915039,191.2500114440918,193.8000115966797,196.35001174926757,198.90001190185546,201.45001205444336,204.00001220703126,206.55001235961913,209.10001251220703,211.65001266479493,214.2000128173828,216.7500129699707,219.3000131225586,221.8500132751465,224.40001342773436,226.95001358032226,229.50001373291016,232.05001388549803,234.60001403808593,237.15001419067383,239.70001434326173,242.2500144958496,244.8000146484375,247.3500148010254,249.90001495361327,252.45001510620116,255.00001525878906]}"
"127","{""values"":[56,43,72,153,273,476,794,1429,2251,3377,4757,6177,7932,9565,11086,12352,13125,13995,14816,15244,15932,16298,16934,17931,18339,19089,19672,20018,20849,21101,21673,21814,21651,21291,20919,20605,20148,19448,18922,18133,17598,16774,16148,15482,15087,14736,14197,13822,13609,13829,13443,13619,13901,13613,13745,14114,13917,14358,14343,14443,14323,14646,14325,13963,14127,13972,13745,13576,13201,12690,12473,11822,10901,10143,9515,8668,7614,6832,5979,5147,4418,3574,2957,2399,2023,1552,1202,931,696,468,385,239,186,113,77,62,41,20,15,38],""_type"":""histogram"",""bins"":[0,2.5500001525878906,5.100000305175781,7.650000457763672,10.200000610351562,12.750000762939454,15.300000915527344,17.850001068115233,20.400001220703125,22.950001373291016,25.500001525878908,28.050001678466796,30.600001831054687,33.150001983642575,35.70000213623047,38.25000228881836,40.80000244140625,43.35000259399414,45.90000274658203,48.450002899169924,51.000003051757815,53.5500032043457,56.10000335693359,58.65000350952148,61.200003662109374,63.750003814697266,66.30000396728515,68.85000411987305,71.40000427246093,73.95000442504883,76.50000457763672,79.05000473022461,81.6000048828125,84.15000503540038,86.70000518798828,89.25000534057617,91.80000549316406,94.35000564575195,96.90000579833985,99.45000595092773,102.00000610351563,104.55000625610352,107.1000064086914,109.6500065612793,112.20000671386718,114.75000686645508,117.30000701904297,119.85000717163086,122.40000732421875,124.95000747680663,127.50000762939453,130.05000778198243,132.6000079345703,135.1500080871582,137.7000082397461,140.250008392334,142.80000854492187,145.35000869750976,147.90000885009766,150.45000900268553,153.00000915527343,155.55000930786133,158.10000946044923,160.6500096130371,163.200009765625,165.7500099182129,168.30001007080077,170.85001022338867,173.40001037597656,175.95001052856446,178.50001068115233,181.05001083374023,183.60001098632813,186.150011138916,188.7000112915039,191.2500114440918,193.8000115966797,196.35001174926757,198.90001190185546,201.45001205444336,204.00001220703126,206.55001235961913,209.10001251220703,211.65001266479493,214.2000128173828,216.7500129699707,219.3000131225586,221.8500132751465,224.40001342773436,226.95001358032226,229.50001373291016,232.05001388549803,234.60001403808593,237.15001419067383,239.70001434326173,242.2500144958496,244.8000146484375,247.3500148010254,249.90001495361327,252.45001510620116,255.00001525878906]}"